,type,sen
0,【励志的话】, 成功之时不可忘了过去，失败之时记得还有未来。
1,【励志的话】, 无志者常立志，有志者立常志，咬定一个目标的人最容易成功。
2,【励志的话】, 人呀，只有享不了的福，没有受不了的罪。人生路漫漫，坚强勇敢的往前走吧！
3,【励志的话】, 如果你有鸭梨，把它放冰箱里，它就会变成冻梨。
4,【励志的话】, 路就在脚下，你无力改变终点，但却能决定脚踏出的方向。
5,【励志的话】, 所有人都有长处。因此总有一些我们可以学习借鉴的地方。
6,【励志的话】, 今天再大的事，到了明天就是小事；今年再大的事，到了明年就是故事。
7,【励志的话】, 你必须坚强，因为没有人会懂你到底有多痛。
8,【励志的话】, 心的梦想，及是飞上天堂，我的梦想是实现理想。
9,【励志的话】, 只要学不死，就往死里学。说出来会被嘲笑的梦想才有实现它的价值。
10,【励志的话】, 命运如同手中的掌纹，无论多曲折，终掌握在自己手中。
11,【励志的话】, 勤奋是你生命的密码，能译出你一部壮丽的史诗。
12,【励志的话】, 如果你能像看别人缺点一样，如此准确的发现自己的缺点，那么你的生命将会不平凡。
13,【励志的话】, 人生就像一座山，重要的不是它的高低，而在于灵秀；人生就像一场雨，重要的不是它的大小，而在于及时。
14,【励志的话】, 努力过后，才知道许多事情，坚持坚持，就过来了。 
15,【励志的话】, 成功不是将来才有的，而是从决定去做的那一刻起，持续累积而成。
16,【励志的话】, 生活上有一个重要的原则，就是千万不要去跟别人比较，也不要与人计较。
17,【励志的话】, 在人之上，要视别人为人；在人之下，要视自己为人。
18,【励志的话】, 嘲讽是一种力量，消极的力量。赞扬也是一种力量，但却是积极的力量。 
19,【励志的话】, 一个人除非自己有信心，否则不能带给别人信心。 
20,【励志的话】, 你在一生中，可以有所作为的时候只有一次，那就是现在。
21,【励志的话】, 你追我赶拼搏争先，流血流汗不留遗憾。 
22,【励志的话】, 别想一下造出大海，必须先由小河川开始。
23,【励志的话】, 在希望与失望的决斗中，如果你用勇气与坚决的双手紧握着，胜利必属于希望。 
24,【励志的话】, 在工作中从完善到创新，是证明自我的价值，是自我进步的过程，是说明自我有信心，有潜质迎接挑战的勇气。 
25,【励志的话】, 不要指望别人能替你体验生活，该吃的苦就要自己来吃，该有的经历都要一一历练。
26,【励志的话】, 赚钱之道很多，但是找不到赚钱的种子，便成不了事业家。
27,【励志的话】, 运气不能持续一辈子，能持续一辈子的是你个人的能力。
28,【励志的话】, 一个常常看别人缺点的人，自己本身就不够好，因为他没有时间检讨他自己。
29,【励志的话】, 志在峰巅的攀登者，不会陶醉在沿途的某个脚印之中。
30,【励志的话】, 现在，我只想你身边陪伴你的那个人，懂得你需要什么不需要什么。
31,【励志的话】, 障碍与失败，是通往成功最稳靠的踏脚石，肯研究、利用它们，便能从失败中培养出成功。
32,【励志的话】, 人的生命似洪水在奔流，不遇着岛屿、暗礁，难以激起美丽的浪花。
33,【励志的话】, 吃别人吃不了的苦，忍别人受不了的气，付出比别人更多的，才会享受的比别人更多。 
34,【励志的话】, 虽然我们无法改变人生，但可以改变人生观。虽然我们无法改变环境，但我们可以改变心境。
35,【励志的话】, 所有的胜利，与征服自我的胜利比起来，都是微不足道。
36,【励志的话】, 人生就是这样，在这里失去了，往往会在那里得到回报。 
37,【励志的话】, 不去耕耘，不去播种，再肥的沃土也长不出庄稼，不去奋斗，不去创造，再美的青春也结不出硕果。 
38,【励志的话】, 成功是一种观念，致富是一种义务，快乐是一种权力。 
39,【励志的话】, 当一个人先从自己的内心开始奋斗，他就是个有价值的人。 
40,【励志的话】, 没有人能预知未来的命运，但咱们能够用愉悦的表情应对命运。 
41,【励志的话】, 有些失望是不可避免的，但大部分的失望都是因为我高估了自己。 
42,【励志的话】, 你硬要把单纯的事情看得很严重，那样子你会很痛苦。
43,【励志的话】, 有朝一日你动了爱情，千万保守秘密，没有弄清楚对方的底细，决不能掏出你的心来。 
44,【励志的话】, 即使道路坎坷不平，车轮也要前进；即使江河波涛汹涌，船只也航行。
45,【励志的话】, 如果惧怕前面跌宕的山岩，生命就永远只能是死水一潭。
46,【励志的话】, 生活不是让你用来妥协的。你退缩得越多，那么可以让你喘息的空间也就是越少。 
47,【励志的话】, 经过大海的一番磨砺，卵石才变得更加美丽光滑。 
48,【励志的话】, 做事不需人人都理解，只需尽心尽力，做人不需人人都喜欢，只需坦坦荡。
49,【励志的话】, 珍珠常在水中埋，惜时一现亮光彩。现时谁知修时难，在乎蚌中无间爱。把住青春不懈怠，握紧努力与成才，未有不劳无获书，来将时间放心怀。 
50,【励志的话】, 无论才能、知识多么卓着，如果缺乏热情，则无异纸上画饼充饥，无补于事。
51,【励志的话】, 不要轻易用过去来衡量生活的幸与不幸！每个人的生命都是可以绽放美丽的。只要你珍惜。 
52,【励志的话】, 你是一个能干、乖巧的好孩子，就是太任性啦！改正以后，老师会更喜欢你的！
53,【励志的话】, 抬起头，仰望天空，蔚蓝的幕布充满眼球；低下头，脚踏实地，泥黄的大地萦绕思絮。
54,【励志的话】, 世界上有两种人：索取者和给予者。前者也许能吃得更好，但后者绝对能睡得更香。
55,【励志的话】, 都说失败是成功之母，正因为这样，让那些失败的人找个种理由搪塞自己的失败。
56,【励志的话】, 大江东去浪淘尽，千古风流人物，却在今天。失败挫折经常有，微笑坦然。带着豪情出发，满怀信心，不畏困难和艰险，照样登高山。 
57,【励志的话】, 不要去丈量距离，只要有明天，今天就是起跑线；不要怪生活刁难你，眼睛可以下着雨，心却要撑着伞；即使失望跌到谷底，成功就是反弹的距离，相信自己！ 
58,【励志的话】, 人之相惜惜于品，人之相敬敬于德，人之相交交于情，人之相拥拥于礼，人之相信信于诚，人之相伴伴于爱。 
59,【励志的话】, 少年人不会抱怨自己如花似锦的青春，美丽的年华对他们说来是珍贵的，哪怕它带着各式各样的风暴。 
60,【励志的话】, 当我们带着理想在社会里转，所有的棱角都被磨了个遍！于是乎总结出一条惊天地泣鬼神的真理：生活将我们磨圆，是为了让我们可以滚得更远啊！ 
61,【励志的话】, 千万别让人偷了你的梦，梦想是你自己的。不要让别人左右你的决定。别人相信的事实，未必是你的。追逐过，你就知道别人认为不可能的事，是有可能的。 
62,【励志的话】, 每一条成功之路，都是充满坎坷的，只有那些坚信自己目标，不断努力、不断奋斗的人，才能取得最终的成功。
63,【励志的话】, 自然界没风风雨雨，大地就不会春华秋实。
64,【励志的话】, 知识是打开智慧大门的钥匙，学习是获得钥匙的捷径，努力是通过捷径的唯一方法。 
65,【励志的话】, 经风雨长不成大树，失败乃成功之母，一份耕耘一份收获，尽自己最大的努力去争取最大的成功，相信自己一定行！ 
66,【励志的话】, 有一种力量能给我们插上飞翔的翅膀，可以让我们翱翔于天地之间，这力量就是相信自己。
67,【励志的话】, 既异想天开，又实事求是，这是科学工作者特有的风格，让我们在无穷的宇宙长河中探求无穷的真理吧。 
68,【励志的话】, 试着用快乐的心情去学习，学习亦会易如反掌。
69,【励志的话】, 哭过，痛苦过，但从没有放弃过。笑过，坚持过，因此不曾后悔过。
70,【励志的话】, 得之坦然，失之淡然，顺其自然，争其必然。 
71,【励志的话】, 每个人不是做不好，而是不想做，现在去努力，以后将轻松的是自己。
72,【励志的话】, 不必害怕黑暗，那只是光明前的一次考验；不必害怕失败，那只是成功前的一次磨炼。 
73,【励志的话】, 人生中有些事是不得不做得，于不得不做中勉强去做，是毁灭；于不得不做中做得好，是勇敢。 
74,【励志的话】, 将一付好牌打好没有什么了不起，能将一付坏牌打好的人才值得钦佩。
75,【励志的话】, 青春如梦，又如一个美好的瞬间，让我们共同努力，开创更美好的未来。
76,【励志的话】, 一颗又一颗的星星闪亮，才能使黑夜明亮：一滴又一滴的知识积累，才能够学问渊博。 
77,【励志的话】, 要守护就守护到底，要放弃就别再回头，一旦做出选择，就要贯彻到底。 
78,【励志的话】, 我很自信，自已的未来将绚丽多彩。我对未来也充满了希望。
79,【励志的话】, 在人生的低谷，人们才会发现谁陪在身边，不离不弃，突然会发现那些不曾发现在意的感动，是这样温暖着自己的心。 
80,【励志的话】, 一个人的成就，不是以金钱衡量，而是一生中，你善待过多少人，有多少人怀念你。生意人的账簿，记录收入与支出，两数相减，便是盈利。
81,【励志的话】, 生活中，面对困境，我们常常会有走投无路的感觉。不要气馁，坚持下去，要相信年轻的人生没有绝路，困境在前方，希望在拐角。 
82,【励志的话】, 生活也是如此，人生路上，留一点遗憾在生活中，也许比完美更觉得美！佛语，天地本不全，人间便不可能完整，也算是对不完美的缺憾，一种自我安慰吧！ 
83,【励志的话】, 人生，没有永远的伤痛，再深的痛，在切之时，伤口总会痊愈。人生，没有过不去的坎，你不可以坐在坎边等它消失，你只能想办法穿过它。 
84,【励志的话】, 如果你把自己当成泥土，就不会有珍珠被埋没的痛苦；如果你用欣赏的眼睛看人，就能看到值得尊重和学习的人。
85,【励志的话】, 人生的快乐与否，有时完全在于心态，若快乐，生活也就变得快乐！所以，我们快乐与否，不在于拥有什么，而在于怎样看待自己所拥有的一切。 
86,【励志的话】, 生活中的那些悲伤，盘旋于你心中，告诉你，不能强大只能继续悲伤。 
87,【励志的话】, 有的人甘愿当一名乞丐，流浪街头；有的人不甘平庸，孜孜不倦；有的人自甘堕落，碌碌无为；有的人纸醉金迷，荒度光阴。 
88,【励志的话】, 世界上一切的成功，都将通过勤奋来实现。勤奋，代表着人们博弈人生的动力；成功，却是这种动力下产出的结果。 
89,【励志的话】, 岁月是无情的，假如你丢给它的是一片空白，它还给你的也是一片空白。岁月是有情的，假如你奉献给她的是一些色彩，它奉献给你的也是一些色彩。 
90,【励志的话】, 生当自强，人的一生，总会遇见挫折磨难，但人生没有过不去的坎，走过了，便是一种收获，便会让自己成长起来。 
91,【励志的话】, 若没有苦难，我们会骄傲；没有挫折，成功不再有喜悦；没有沧桑，我们不会有同情心。因此，不要幻想生活总是那么圆满，生活的四季不可能只有春天。 
92,【励志的话】, 学会自在，自在就是真正的醒觉，真正的自由，真正从许多虚妄中解脱出来，真正让一颗心获得喜悦。 
93,【励志的话】, 清晨曙光初现，幸福在你身边；中午艳阳高照，微笑在你心间傍；傍晚日落西山，欢乐随你一天！ 
94,【励志的话】, 我会记得那美妙的一瞬间，在我的眼前出现了你。在忧愁的苦恼中，我的耳边长久的出现你温柔的声音。 
95,【励志的话】, 有一句话点得着感情的火，有一句话说出来就幸福，这句话，你为什么不愿说破？我等着，你莫再缄默。
96,【励志的话】, 爱情是一个果酱罐，让我俩变成了小，快乐地尝着它的香甜，仿佛永远不知厌倦；爱情是一颗话梅果，让我俩变成了馋嘴的小熊，欲拒还迎那酸甜的滋味！ 
97,【励志的话】, 不要总是和他人比，就像玫瑰和百合各有各的魅力，每颗种子都会开出自己的花，每个人也都会成为独一无二的自己。
98,【励志的话】, 生命太短暂，哪有时间遗憾，一分钟都不要留给那些让你不快的人或事。若不是终点，请微笑一直向前！ 
99,【励志的话】, 心若在，梦就在，天地之间还有真爱，看成败，人生豪迈，只但是是从头再来！愿你能走出人生的低谷！ 
100,【励志的话】, 这世界没有那么多的如果也许可能。那些辞藻不过是为我们的念念不忘，找一个可以慰藉自己的借口。
101,【励志的话】, 我们不应该抱怨工作的好坏，有工作就不错了，要想发展，还得自己在工作当中留心机会。 
102,【励志的话】, 我时常想到微笑，不论面对怎样的冷风凄雨，不论面对怎样的不平与委屈，我都会想到微笑。 
103,【励志的话】, 成功的人都有一股疯狂和热诚，对事情很有企图心，好像心在燃烧的感觉。 
104,【励志的话】, 生活中总会有伤害你的人，所发但是你仍然需要继续相信别人，只是小心些而已。 
105,【励志的话】, 最痛苦的不是失败的泪水，而是不曾尽力的懊悔。珍惜今天，把握当下。 
106,【励志的话】, 成功需要成本，时间也是一种成本，对时间的珍惜就是对成本的节约。 
107,【励志的话】, 再长的路，一步步也能走完，再短的路，不迈开双脚也无法到达。 
108,【励志的话】, 不再飘散在时间和空间里，我被集于一处，而那个地方便是你。 
109,【励志的话】, 人生，没有永远的伤痛，再深的痛，伤口总会痊愈。
110,【励志的话】, 逆境磨练人、逆境是老师、逆境之苦可变甜。 
111,【励志的话】, 你若赐我一段浮华，我便许你满世繁花。
112,【励志的话】, 不必害怕黑暗，那只是光明前的一次考验；不必害怕失败，那只是成功前的一次磨炼。 
113,【励志的话】, 让我们继续往前跑，带着赤子的骄傲。自己都不往前靠，辉煌怎能看到。 
114,【励志的话】, 要守护就守护到底，要放弃就别再回头，一旦做出选择，就要贯彻到底。 
115,【励志的话】, 这些人，带给世人的是欢欣，是鼓舞，是信心，还有昂扬斗志。 
116,【励志的话】, 惜光阴百日犹短，看众志成城拼搏第一；细安排一刻也长，比龙争虎斗谁为争锋？ 
117,【励志的话】, 向着目标奔跑，何必在意折翼的翅膀，只要信心不死，就看的见方向，顺风适合行走，逆风更适合飞翔，人生路上什么都不怕，就怕自己投降。 
118,【励志的话】, 前程似锦，勇攀书山甘洒汗水放飞心中梦想；志存高远，泛游学海竞逐群雄一朝金榜题名。 
119,【励志的话】, 无论今后的道路多么坎坷，只要抓住今天，迟早会在奋斗中尝到人生的甘甜。抓住人生中的一分一秒，胜过虚度中的一月一年！ 
120,【励志的话】, 砺志报亲，拼十年寒窗挑灯苦读不畏难；笑书人生，携双亲期盼背水勇战定夺魁。 
121,【励志的话】, 回忆很美，尽管过程艰辛：也许结果总有遗憾，但我们无愧于心。 
122,【励志的话】, 人生，最宝贵的莫过于光阴。人生，最璀璨的莫过于事业。人生，最快乐的莫过于奋斗。 
123,【励志的话】, 学习如春起之苗，不见其增，日有所长；辍学似磨刀之石，不见其减，时有所亏。 
124,【励志的话】, 只要瞄准了大方向，坚持不懈地做下去，才能够扫除挡在梦想前面的障碍，实现美好的人生蓝图。 
125,【励志的话】, 不要以为那泥土下的希望近在咫尺，也不要以为那硕果飘香的日子遥遥无期。要学会用勤奋的汗水、坚韧的耐力和理智的期待来创造生命的秋季。 
126,【励志的话】, 一个人只要有梦想，生命就有了依托；一个人只有不懈地追逐着梦想，活着才觉得意义深远，趣味无穷，也才能将生命的潜能发挥到极致。 
127,【励志的话】, 成功之道无他，惟悉力从事你的工作，而不消存沽名钓誉之心。 
128,【励志的话】, 在奋斗的过程中，常会遭受挫折，惟有坚持到底，才会获得最后的成功。 
129,【励志的话】, 人生或如一轮红日，划破黎明的沉寂，炽热的梦想在喷勃或如一段段插曲在生命的华章里熠熠激荡迸溅起最璀璨的激昂。 
130,【励志的话】, 成功的花，人们只惊羡它的明艳，然而当初的芽儿浸透了奋斗的泪泉，洒遍了牺牲的血雨。 
131,【励志的话】, 我的生命，如果有一个不可妥协、誓不两立的敌人，不会是别人，恰恰就是我自己呀！ 
132,【励志的话】, 我们心革开放的成功，不是靠本本，而是靠实践，靠实事求是。 
133,【励志的话】, 每一个人都多多少少有点惰性。一个人的意志力量不够推动他自己，他就失败，谁最能推动自己，谁就最先得到成功。 
134,【励志的话】, 宁在事前心力交瘁的努力，事后悠然自得；不要在事前悠然自得，而在临事时无法适从。 
135,【励志的话】, 高山不爬不能到顶，竞走不跑不能取胜，永恒的幸福不争取不能获得。 
136,【励志的话】, 在面对生活中的挑战时，要有坚定的信心，持之以恒的精神，用不懈的努力，来克服眼前的困难，把绊脚石，化为走向成功脚下的一块垫脚石。 
137,【励志的话】, 时间是世界上的一切成就的土壤。时间给空想者痛苦，给创造者幸福。 
138,【励志的话】, 千万人的失败，都有是失败在做事不彻底；往往做到离成功尚差一步就终止不做了。 
139,【励志的话】, 生活在前进。它之所以前进，是因为有希望在；没有了希望，绝望就会把生命毁掉。 
140,【励志的话】, 一个成功的商人是虎，一个失败的商人是狼，你和他们中间哪个打交道。 
141,【励志的话】, 要想成功，就千万不能忽视任何事情，他必须对一切都下功夫，那也许还能有所收获。 
142,【励志的话】, 是时候该学会去面对一切了，是时候该长大了，是时候该懂事了。 
143,【励志的话】, 心存希望，幸福就会降临你；心存梦想，机遇就会笼罩你。 
144,【励志的话】, 一个有志气的人，他为之奋斗的目标应该是远大的，高尚的，而决不是被私利障住眼睛的懦夫。 
145,【励志的话】, 一生下来，就已登上一列开往死亡的列车，唯一有意义的事情，就是善待与你同车的人。 
146,【励志的话】, 人生之路多坎坷，摔个跟头别难过，爬起来，掸掸土，前方就是一片乐土。 
147,【励志的话】, 斧头虽小，但经历多次劈砍，终能将一棵最坚硬的橡树砍刀 
148,【励志的话】, 在爱情里，即使没有谁，即使失去谁，也可以一个人骄傲的活着。 
149,【励志的话】, 在劳力上劳心，是一切发明之母。事事在劳力上劳心，变可得事物之真理。 
150,【励志的话】, 你不是诗人，但可以诗意地生活。如果能够诗意地生活，那你就是诗人。 
151,【励志的话】, 勇敢地接受挑战，不断地超越自我，这样才能发出你的无限潜能。 
152,【励志的话】, 路再远也会有终点，夜再长也会有尽头，雨再大也会有停的时候。 
153,【励志的话】, 命不能争，运可以造，弱者认命，强者抗命，能者求命，智者造命。 
154,【励志的话】, 在一条不适合自己的路上奔波，就如同穿上一双不合脚的鞋，会令你十分痛苦。 
155,【励志的话】, 人生在世，最重要的不是自己处境如何，而是你如何看待自己的处境。 
156,【励志的话】, 一个获得成功的人，从他的同胞那里所取得的，总是无可比拟地超过他对他们所做的贡献。
157,【励志的话】, 如果你希望成功，当以恒心为良友，以经验为参谋，以当心为兄弟，以希望为哨兵。
158,【励志的话】, 熊熊的热忱，凭着切实有用的知识与坚忍不拔，是最常造就成功的品性。
159,【励志的话】, 真正迅速的人，并非事情仅仅做得快，而是做得成功而有效的人。 
160,【励志的话】, 大多数人是保守的，不轻易相信新事物，但能容忍对现实中的众多失败。 
161,【励志的话】, 把意念深潜得下，何理不可得，把志气奋发起，何事不可做。 
162,【励志的话】, 有益者不为，无益者为之，所以苦其劳而不见成功。 
163,【励志的话】, 失败和挫折等待着人们，一次又一次使青春的容颜蒙上哀愁，但也使人类生活的前景增添了一份尊严，这是任何成功都无法办到的。 
164,【励志的话】, 障碍与失败，是通往成功最稳靠的踏脚石，肯研究、利用它们，便能从失败中培养出成功。 
165,【励志的话】, 成功就像一座平衡的秤，一边是努力，一边是快乐；付出的多，收获的也多。 
166,【励志的话】, 当机会呈现在眼前时，若能牢牢掌握，十之八九都可以获得成功而能克服偶发事件，并且替自己找寻机会的人，更可以百分之百的获得胜利。 
167,【励志的话】, 奋斗，不是挂在嘴边说的，而是一件很具体的事情。只有奋斗，你才能踏上成功的阶梯，一步一步地走上去，获得最终的胜利。 
168,【励志的话】, 最有希望得成功者，并不是才干出众的人，而是那些最善于利用时机去努力开创的人。 
169,【励志的话】, 希望是坚韧的拐杖，忍耐是旅行袋，携带它们，人可以登上永恒之旅。 
170,【励志的话】, 失败带给我的经验与收获，在于我已经知道这样做不会成功的证明，下一次我可以避免同样的错误了。 
171,【励志的话】, 要成功就要周详考虑谋定而后动，一旦决定即雷厉风行一干到底，害怕失败什么都别干。 
172,【励志的话】, 假如樵夫害怕荆棘，船只避忌风浪，铁匠畏惧火星，那么，世界就会变成另一副模样。 
173,【励志的话】, 勤奋的含义是今天的热血，而不是明天的决心，后天的保证。
174,【励志的话】, 做自己的决定。然后准备好承担后果。从一开始就提醒自己，世上没有后悔药吃。
175,【励志的话】, 没有人可以宠你一辈子，要想走得精彩又坦荡，唯有独立坚强。
176,【励志的话】, 当你能飞的时候就不要放弃飞。当你能梦的时候就不要放弃梦。当你能爱的时候就不要放弃爱。 
177,【励志的话】, 人要是惧怕痛苦，惧怕种种疾病，惧怕不测的事情，惧怕生命的危险和死亡，他就什么也不能忍受了。 
178,【励志的话】, 命运把人抛入最低谷时，往往是人生转折的最佳期。谁若自怨自艾，必会坐失良机！ 
179,【励志的话】, 任何的限制，都是从自己的内心开始的。忘掉失败，不过要牢记失败中的教训。 
180,【励志的话】, 竞争颇似打网球，与球艺胜过你的对手比赛，可以提高你的水平。
181,【励志的话】, 勤学的人，总是感到时间过得太快；懒惰的人，却总是埋怨时间跑得太慢。
182,【励志的话】, 只要拥有志向，在努力的为它奋斗，那不可能也会变成可能，只要坚持不懈，那你一定能够达到成功的彼岸。 
183,【励志的话】, 无论有多困难，都坚强地抬头挺胸，告诉所有人，你并非他们想象的那样不堪一击。 
184,【励志的话】, 每一个人都想知道山那边是什么，其实那边并没有什么。当爬上去时，才觉得原来还是这边比较好。
185,【励志的话】, 一个人失败的最大原因，是对自己的能力缺乏充分的信心，甚至以为自己必将失败无疑。 
186,【励志的话】, 青春就是你想要到哪里去的时候，就算你的父母阻止你，你也会让自己去。
187,【励志的话】, 心存希望，幸福就会降临你；心存梦想，机遇就会笼罩你。
188,【励志的话】, 人不会苦一辈子，但总会苦一阵子；许多人为了逃避苦一阵子，却苦了一辈子。
189,【励志的话】, 时间，改变了容貌，改变了性格、改变了一切，却没改变你会继续爱我。 
190,【励志的话】, 一生下来，就已登上一列开往死亡的列车，唯一有意义的事情，就是善待与你同车的人。
191,【励志的话】, 人生之路多坎坷，摔个跟头别难过，爬起来，掸掸土，前方就是一片乐土。 
192,【励志的话】, 在生活中，我跌倒过。我在嘲笑声中站起来，虽然衣服脏了，但那是暂时的，它可以洗净。
193,【励志的话】, 在劳力上劳心，是一切发明之母。事事在劳力上劳心，变可得事物之真理。
194,【励志的话】, 别总因为迁就别人委屈了自己，这个世界没几个人值得你总弯腰。
195,【励志的话】, 勇敢地接受挑战，不断地超越自我，这样才能发出你的无限潜能。
196,【励志的话】, 路再远也会有终点，夜再长也会有尽头，雨再大也会有停的时候。
197,【励志的话】, 命不能争，运可以造，弱者认命，强者抗命，能者求命，智者造命。 
198,【励志的话】, 忍别人所不能忍的痛，吃别人所不能吃的苦，方能收获别人所得不到的收获。
199,【励志的话】, 在一条不适合自己的路上奔波，就如同穿上一双不合脚的鞋，会令你十分痛苦。 
200,【励志的话】, 人生在世，最重要的不是自己处境如何，而是你如何看待自己的处境。 
201,【励志的话】, 一个获得成功的人，从他的同胞那里所取得的，总是无可比拟地超过他对他们所做的贡献。 
202,【励志的话】, 忙时井然，闲时自然；顺多偶然，逆多必然；得之坦然，失之怡然；捧则淡然，贬则泰然。悟通“八然”，此生悠然。 
203,【励志的话】, 笑，其实可以掩饰很多情绪，比如你的心虚，比如我的失望。 
204,【励志的话】, 总有一些事，我们不愿它发生，却必须接受；总有些东西，我们不想知道，却必须了解；总有些人，我们不能没有，却必须学着放手。 
205,【励志的话】, 人生目标确定容易实现难，但如果不去行动，那么连实现的可能也不会有。 
206,【励志的话】, 早晨，看见红日升起，愿你生活如红日般红火；早晨，看见白云飘荡，愿你的心情如白云般自在；祝早安，开心每天。 
207,【励志的话】, 人都会一点点变好，但不断向前的你只是错过了那个年纪的我。 
208,【励志的话】, 智者总是有成功的密码，能译出密码的人，心是成功的智者。 
209,【励志的话】, 要想改变我们的人生，第一步就是要改变我们的心态。只要心态是正确的，我们的世界就会的光明的。 
210,【励志的话】, 年轻的时候，连多愁善感都要渲染的惊天动地。长大后却学会，越痛，越不动声色。越苦，越保持沉默。 
211,【励志的话】, 当你觉得自已充满斗志，充满信心，别人就会觉得你就是值得相信的你。 
212,【励志的话】, 如果发现自己不能创造奇迹，那就努力让自己变成一个奇迹。
213,【励志的话】, 放眼前方，只要我们继续，收获的季节就在前方！
214,【励志的话】, 只要向日葵坚持着仰望，就一定会找到一抹属于自己的暖阳。
215,【励志的话】, 只折磨自己是单相思，只折磨别人是虐待狂，既折磨别人更折磨自己是爱情。 
216,【励志的话】, 有理想而无行动的人，只能在梦中等到收获。
217,【励志的话】, 勇敢地接受挑战，不断地超越自我，这样才能发出你的无限潜能。
218,【励志的话】, 曾经的曾经，我用游戏去遗忘过去，如今的现在，我用心去体验明天。
219,【励志的话】, 路再远也会有终点，夜再长也会有尽头，雨再大也会有停的时候。
220,【励志的话】, 命不能争，运可以造，弱者认命，强者抗命，能者求命，智者造命。
221,【励志的话】, 忍别人所不能忍的痛，吃别人所不能吃的苦，方能收获别人所得不到的收获。 
222,【励志的话】, 要让事情改变，先改变自己；要让事情变得更好，先让自己变得更强。 
223,【励志的话】, 在一条不适合自己的路上奔波，就如同穿上一双不合脚的鞋，会令你十分痛苦。 
224,【励志的话】, 人生在世，最重要的不是自己处境如何，而是你如何看待自己的处境。
225,【励志的话】, 表示惊讶，只需一分钟；要做出惊人的事业，却要许多年。 
226,【励志的话】, 低调是永恒的美德，缺心眼的话就要学会沉默。 
227,【励志的话】, 这个世界上我只相信两个人，一个是我，另一个不是你。 
228,【励志的话】, 一个获得成功的人，从他的同胞那里所取得的，总是无可比拟地超过他对他们所做的贡献。 
229,【励志的话】, 驾驭命运的舵是奋斗。不抱有一丝幻想，不放弃一点机会，不停止一日努力。 
230,【励志的话】, 根儿向纵深处延伸一寸，小树被狂风推倒的危险就减弱了一分。 
231,【励志的话】, 一个人最痛苦的时候不是吃不上饭的时候，而是想努力奋斗没有机会。 
232,【励志的话】,  好好努力，时光欠你的，会在往后的日子慢慢归还。
233,【励志的话】, 当你感到迷茫的时候，请你抬头看看天边的阳光。
234,【励志的话】,  我要的幸福太值钱，所以我输不起，惟有努力。
235,【励志的话】, 受到再大的打击，只要生命还在，请相信每天的太阳都是新的。
236,【励志的话】,  现实与理想常会有些距离，可是为了生活，我们依旧要勇往直前。
237,【励志的话】,  一味的崇拜别人，倒不如，停下来高傲的欣赏自己。
238,【励志的话】, 你要相信自己已经足够坚强可以一个人面对这世间的离别动荡。
239,【励志的话】,  如果恋人分手后，还是朋友，那么我就会大胆的爱一次。
240,【励志的话】,  生活就是一种态度，倒霉也是一种另类人生。
241,【励志的话】,  你如继续悲观，必定只会孤单。
242,【励志的话】, 既然选择了远方，就要风雨兼程。
243,【励志的话】,  勇敢站起来快步向前冲是你唯一的出路。
244,【励志的话】,  只有自己努力、才有别人想不到的惊喜。
245,【励志的话】,  做事先修心，凡事多琢磨。
246,【励志的话】, 既然已回不到过去、还不如想想自己的未来。
247,【励志的话】,  永远都不要怀疑自己的能力，能力这种
248,【励志的话】,  梦想看上去遥不可及，你要去实现它，就要坚持，坚持和梦想缺一不可。
249,【励志的话】,  成功是分两半的，一半在上帝手中，那是宿命;另一半在自己手中，那是拼命。
250,【励志的话】,  人生太搞，梦想不老，为了梦想，加油瞎搞。
251,【励志的话】,  把所有的不快给昨天，把所有的希望那个给明天，把所有的努力给今天。
252,【励志的话】,  受挫一次，对工作和生活的理解加深一层。
253,【励志的话】,  不在享受时爆发，只在享受中爆发。
254,【励志的话】,  沿途就算跌也要跌的好看。
255,【励志的话】,  我们都是星星请用人生为梦起航我们都是明星要把自己的路照得最亮。
256,【励志的话】,  世界上最富有的人，是跌倒最多的人。世界上最勇敢的人，是每次跌倒都能爬起来的人。
257,【励志的话】,  如果刚烈是在哭泣中锻炼出来的，哪么让我哭个昏天暗地吧。
258,【励志的话】,  勇敢，不一定有结果，但不勇敢，一定没有结果。
259,【励志的话】,  和自己看烟火陪着自己去兜风向软弱说分手自己旅行自己梦。
260,【励志的话】,  我要为了我的以后好好奋斗。
261,【励志的话】,  有时候努力生活不是为了成为谁，而是为了不成为谁。
262,【励志的话】,  梦想不会逃跑就看你愿不愿意去追。
263,【励志的话】,  当你没有借口的那一刻，就是你成功的开始。
264,【励志的话】,  每颗星星都提着一盏小灯笼，来照亮一小块天空。
265,【励志的话】,  承认自己的软弱比故作坚强有用的多。
266,【励志的话】,  最伟大的人，是在嘈杂人群中完美地保持独立的人。
267,【励志的话】,  曾经是曾经，以后是以后，现在才是现在。
268,【励志的话】, 疑问是打开知识大门的钥匙。错误是正确的先导。提出了正确的问题，往往等于解决了问题的大半。  
269,【励志的话】, 只有自强、自立、自信，你才能付得起人生的账单。  
270,【励志的话】, 人没有获得成功的时候，成功是神秘的，值得人们苦苦地追求；但当获得成功时，会觉得不过如此，还会觉得有一种失去对手的空虚。  
271,【励志的话】, 勇敢的人不是天生的，需要你经过很多的磨炼。但是在磨炼的过程中你能不能变得勇敢，那就取决于你的决心了。  
272,【励志的话】, 只要依靠自己的力量去做事情，即使条件很差，也能取得成功。
273,【励志的话】, 青春不待，时光难再续，最美的年华里圆最美的梦，如果你在追寻梦想，就请奋斗吧，青年，趁我们还年轻，趁我们还有力气奔跑，趁我们还有勇气去争取！
274,【励志的话】, 所有的成功都来自于行动，只有付诸行动，才能一步步走向成功。
275,【励志的话】, 要有生活目标，一辈子的目标，一段时期的目标，一个阶段的目标，一年的目标，一个月的目标，一个星期的目标，一天的目标，一个小时的目标，一分钟的目标。 
276,【励志的话】, 无论哪一行，都需要职业的技能。天才总应该伴随着那种导向一个目标的、有头脑的、不间断的练习，没有这一点，甚至连最幸运的才能，也会无影无踪地消失。 
277,【励志的话】, 凡是以追求自己的幸福为目标的人，是坏的;凡是以博得别人的好评为目标的人，是脆弱的;凡是以使他人幸福为目标的人，是有德行的。  
278,【励志的话】, 灵魂如果没有确定的目标，它就会丧失自己，因为俗语说得好，到处在等于无处在，四处为家的人无处为家。  
279,【励志的话】, 最理想的朋友，是气质上互相倾慕，心灵上互相沟通，世界观上互相合拍，事业上目标一致的人。  
280,【励志的话】, 谁为时代的伟大目标服务，并把自己的一生献给了人类兄弟而进行的斗争，谁才是不朽的。
281,【励志的话】, 你们朝着伟大的目标前进的理想，将是使你们勇敢地走进生活中去的鼓舞力量。 
282,【励志的话】, 在一个崇高的目标支持下，不停地工作，即使慢，也一定会获得成功。
283,【励志的话】,  挫折只是人生中的一段插曲，也许是在，锦上添花吧。
284,【励志的话】,  生活是自己选的，即使错了也要忍着走下去。
285,【励志的话】,  我不在乎我失去我有的，可能我会因此得到新的、我更渴望的。
286,【励志的话】,  嘴角微微上扬，把头部搞搞昂起，我们就是明日的强者。
287,【励志的话】,  年轻人必须要折腾，成功不是先有钱，而是先有胆，万丈高楼平地起，辉煌还要靠自己
288,【励志的话】,  昨天所有都已过去，明天未来都要珍惜。
289,【励志的话】,  翻脸不如翻身，生气不如争气。活着不是靠泪水博得同情，而是靠汗水赢得掌声。
290,【励志的话】,  依赖别人的人等于折断了自己的翅膀，永远体会不到飞翔的快乐。
291,【励志的话】,  天赋的才华，生命的阅历，加上后天的坚持，是成功。
292,【励志的话】,  有梦就去追，没死就别停。
293,【励志的话】,  自己选的路哪怕一路都是黑的也要走到底因为是你自己选的。
294,【励志的话】, 不被重重的击倒又怎么能华丽的站起。
295,【励志的话】, 我要努力，至少不给未来得自己回忆时，留下任何遗憾。
296,【励志的话】,  永不放弃之心，将成为贯穿逆境之光。
297,【励志的话】,"  时间倒退不了,我们就只有往前走。"
298,【励志的话】,  现在需要做的就是：悄悄，悄悄地去努。
299,【励志的话】,  就算世界无童话，我也要努力盛放。
300,【励志的话】,  事事非非，要勇敢去面对。
301,【励志的话】,  慢慢明白，生活不会因为某个节点而变得与众不同，未来的幸运，都是过往努力的积攒。
302,【励志的话】,  过去的事情就应该放下，未来的生活才会没有负担。
303,【励志的话】, 要做向日葵，种在「阳光」的掌心里。
304,【励志的话】,  你若有颗不屈的灵魂，定能感动上帝的温存;你若有个坚定的信仰，定能唤得众生的仰望。
305,【励志的话】,  活的开心最重要，不管有多少挫折，都要努力冲过去。
306,【励志的话】,  在一切变好之前，我们总要经历一些不开心的日子。
307,【励志的话】,  不管多么险峻的高山，总是为不畏艰难的人留下一条攀登的路。
308,【励志的话】,  接纳痛苦，因为痛苦也是自然的一部分。
309,【励志的话】,  一分钟的成功，付出的代价却是好些年的失败。
310,【励志的话】,  活着的时候想开点，开心点因为我们要死很久。
311,【励志的话】,  求人不如求己，何必看人眼色。
312,【励志的话】,  要想使自己成功的快一些，就要适当做一些别人没有做过的事情。
313,【励志的话】,  每一天都想放弃，但每一天又都坚持下来了。没有伞的孩子，要努力奔跑。
314,【励志的话】,  以上进奋斗为荣，以无所事事为耻。
315,【励志的话】,  不要把自己看得太低，以后的路还很长。
316,【励志的话】,  希望是美好的，它就像钻石一样闪耀，不试试怎么知道希望存不存在。
317,【励志的话】,  要是累了，停下来，看看天空，继续旅程。
318,【励志的话】, 日出之所以美丽，是因为它经历了黑夜。
319,【励志的话】, 时间象奔腾澎湃的急湍，它一去无返，毫不流连。
320,【励志的话】, 在求职场上，抓住机遇，扬长避短，是有前途的。
321,【励志的话】, 高兴，就笑，让大家都知道。悲伤，就假装什么也没发生。 
322,【励志的话】, 人生就像一个球，无论如何滚来滚去，总有在一个点上停止的时候。
323,【励志的话】, 梦想是一场华美的旅途，每个人在找到它之前，都只是孤独的少年。
324,【励志的话】, 人生，简简单单，平平淡淡，是一种精神的超然，是生命的升华。
325,【励志的话】, 即使没有人为你鼓掌，也要优雅的谢幕，感谢自己的认真付出。
326,【励志的话】, 精明的人明察秋毫，小事不糊涂；高超的人懒算细帐，大事不马虎。 
327,【励志的话】, 人生最好的旅行，就是你在一个陌生的地方，发现一种久违的感动。
328,【励志的话】, 一生中错过多少次，就像昨夜下了一场雨，而我却在睡梦中。
329,【励志的话】, 是谁和谁的名，铭刻了海誓。是谁和谁的锁，锁住了山盟。
330,【励志的话】, 我是你无奈的选择，却不是多么爱的人，只怪他下手太残忍。
331,【励志的话】, 面对机遇，不犹豫；面对抉择，不彷徨；面对决战，不惧怕。 
332,【励志的话】, 不要志气高大，倒要俯就卑微的人。不要自以为聪明。
333,【励志的话】, 人生最重要的不是努力，不是奋斗，而是抉择。早安！ 
334,【励志的话】, 不埋怨谁，不嘲笑谁，也不羡慕谁。在阳光下灿烂，在风雨中奔跑，做自己的梦，走自己的路。 
335,【励志的话】, 当你觉得自己满怀希望，对未来充满信心，别人看到的就是有魅力，风华绝代的你。 
336,【励志的话】, 岁月极美，在于它必然的流逝。春花，秋月，夏日，冬雪。你若盛开，清风自来。
337,【励志的话】, 人都会一点点变好，但不断向前的你只是错过了那个年纪的我。
338,【励志的话】, 要想改变我们的人生，第一步就是要改变我们的心态。只要心态是正确的，我们的世界就会的光明的。 
339,【励志的话】, 即使行动导致错误，却也带来了学习与成长；不行动则是停滞与萎缩。 
340,【励志的话】, 年轻的时候，连多愁善感都要渲染的惊天动地。长大后却学会，越痛，越不动声色。越苦，越保持沉默。 
341,【励志的话】, 对于已经发生了的事实，既然已经无法改变了，那我们就承认现实，接受现实，除了认命以外还是认命，没有其它更好的办法了，这也是最明智之举。 
342,【励志的话】, 我问你在哪里，在做什么，并不是想窥探你。而是想通过一次又一次的答案，拼凑还原出一个我并不了解的，你的生活和世界。 
343,【励志的话】, 人在身处逆境时，适应环境的能力实在惊人。人可以忍受不幸，也可以战胜不幸，因为人有着惊人的潜力，只要立志发挥它，就一定能渡过难关。 
344,【励志的话】, 放眼前方，只要我们继续，收获的季节就在前方！ 
345,【励志的话】, 姑娘，你要努力，你想要的，只能你自己给。别人给的，你要问问自己，拿得起么。
346,【励志的话】, 只折磨自己是单相思，只折磨别人是虐待狂，既折磨别人更折磨自己是爱情。 
347,【励志的话】, 只有经历过地狱般的折磨，才有征服天堂的力量。只有流过血的手指才能弹出世间的绝唱。 
348,【励志的话】, 快乐不是常常都有，能把地狱一样的日子过得像天堂一般快乐才算自己的成功。而人生最大的成功，就是培养出一个好的心态，使自己无时不快乐。 
349,【励志的话】, 人生最大的成功是使自己快乐。成功有很多种，但是无论什么样的成功，都是为了使自己快乐，幸福。成熟的人，不是靠别人给你快乐，而是自己去争取。 
350,【励志的话】, 做一名自爱者，深深领会自己生命的价值，让生命充美。做一名自安者，悄悄抚平自己生命的伤痕，让生命充悦。做一名自洁者，时时清除自己生命的淤积，让生命充盈。 
351,【励志的话】, 做一名自信者，牢牢把住自己生命的罗盘，让生命充畅。做一名自谦者，慢慢拓展自己生命的容量，让生命充实。 
352,【励志的话】, 人生，就是一步一步走，一点一点扔，生活本来很不易，不必事事渴求别人的理解和认同，静静的过自己的生活。 
353,【励志的话】, 人生那就是一场永不落幕的演出，我们每一个人也都是演员，只不过，有的人顺从自己，有的人取悦观众。 
354,【励志的话】, 当你的才华还撑不起你的野心时，那你就应该静下心来学习。当你的经济还撑不起你的梦想时，那你就应该踏实的去做！ 
355,【励志的话】, 任何时候你都可以开始做自己想做的事，只要你不用年龄和其他东西去束缚自己，每个人心中都有一片海，自己不扬帆，没人帮你启航，努力，就能遇见更好的自己！ 
356,【励志的话】, 这个世界能轻而易举、毫不费劲做到的，只有贫穷和衰老，其它的都需要努力。 
357,【励志的话】, 我们一路奋战，不是为了能改变世界，而是为了不让世界改变我们。无论这个世界对你怎么样，我都会一如既往地努力、勇敢、充满希望！ 
358,【励志的话】, 从现在开始，不留余力地努力吧，最差的结果，也不过是大器晚成。 
359,【励志的话】, 年轻，那么短暂，那么迷茫。如果你不能给自己一张耀眼的文凭、一段荡气回肠的爱情，那么，你还可以给自己一个九成九会遭到嘲笑的梦想。 
360,【励志的话】, 人生就要活得漂亮，走得铿锵。自己不奋斗，终归是摆设。无论你是谁，宁可做拼搏的失败者，也不要做安于现状的平凡人。 
361,【励志的话】, 前行的路，不怕万人阻挡，只怕自己投降；人生的帆，不怕狂风巨浪，只怕自己没胆量！有路，就大胆去走；有梦，就大胆飞翔。 
362,【励志的话】, 你勤奋充电，你努力工作，你保持身材，你对人微笑，这些都不是为了取悦他人，而是为了扮靓自己，照亮自己的心，告诉自己：我是一股独立向上的力量。 
363,【励志的话】, 成功的秘诀就在于多努力一次。为了成功，你努力了多少次？ 
364,【励志的话】, 一旦立下目标，不达目标绝不罢手，方可成功。
365,【励志的话】, 即使没有成功，但是你尽力了，你的人生也一定与众不同。 
366,【励志的话】, 人的生命恰似一部小说，其价值在于贡献而不在于短长。 
367,【励志的话】, 当你的才华还撑不起你的野心时，那你就应该静下心来学习。 
368,【励志的话】, 勇敢地接受挑战，不断地超越自我，这样才能发出你的无限潜能。 
369,【励志的话】, 如果你想有所作为，那么认准方向后就必须坚持到底，有始有终。 
370,【励志的话】, 强大的信心，能克服来自内心的恶魔，产生无往不胜的勇气。 
371,【励志的话】, 遇到困难时不要抱怨，既然改变不了过去，那么就努力改变未来。
372,【励志的话】, 善待人生的每个梦想，给自己信心，要知道你有能力实现它。
373,【励志的话】, 我依旧相信努力的意义，奋斗的价值，因为那是本质问题。 
374,【励志的话】, 你相信你行，你就活力无穷；你认为你自已不行，就会精神萎靡。 
375,【励志的话】, 大器不必晚成，趁着年轻，努力让自己的才能创造最大的价值。 
376,【励志的话】, 你被拒绝的越多，你就成长得越快；你学的越多，就越能成功。 
377,【励志的话】, 一个人的快乐，不是因为他拥有的多，而是因为他计较的少。 
378,【励志的话】,  因为有梦，所以勇敢，我们都走在奋斗的路上。这条路也许很坎坷，也许很崎岖，也许一眼望不到头，也许在别人看来不可思议但是为了守住心中的那束阳光，我们坚持着自己的梦想，在奋斗的路上义无反顾地奔跑!不为模糊不清的未来担忧只为清清楚楚的现在努力。
379,【励志的话】,  我喜欢坚强的面对，勇敢的欢笑，因此我的生活也更加的多姿多彩。不必强求什么，也不必刻意在乎什么，人生不如意十之八九，何不让幸福细水长流呢?当无情的打击到来时，我们的笑靥就是最好的回击;当命运的不公降落时，我们的坚强就是最棒的奇迹!
380,【励志的话】,  山河大地都是微尘，何况是尘中的尘。与天地万物相比我们何其渺小，何必为了一时之气不能释怀，长久影响心境?要知道，有些事情，不管在自己心里过不过得去，日子都还要继续，若不能释怀的是自己的心，影响的也只是自己的境遇，自己的生活。
381,【励志的话】,  追逐愿望的过程，或许会沮丧，却也会微笑。比如说，终於到过巴黎和世界上其他城市之後，才发现纽约的圣诞更美。人生就是不断的发现与颠覆，颠覆自己，颠覆所有的追寻，颠覆那些曾经许下的愿望，然後发现更好和更美的。只要活着，就有无限的可能。
382,【励志的话】,  当你放下面子赚钱的时候，说明你已经懂事了。当你用钱赚回面子的时候，说明你已经成功了。当你用面子可以赚钱的时候，说明你已经是人物了。当你还停留在那里喝酒、吹牛，啥也不懂还装懂，只爱所谓的面子的时候，说明你这辈子也就这样了。
383,【励志的话】,  成功的道路没有止境，切不可因为一时取得了成绩就洋洋自得，骄傲自满。每一个人只有时刻保持着一种虚心求教的态度，才能不断地学习，不断地进步。每个人都有巨大的潜能，只是有的人的潜能已经苏醒了，有的人的潜能却还在沉睡。成功的根本在于开发人的无穷无尽的潜能!
384,【励志的话】,  生活不由得你选择，你必须顺应生活的变迁;生命不由得你去摧残，你必须好好珍惜生命。性命的辉煌，拒绝的不是平凡，而是平庸!因此，春风得意时多些缅想，只要别背叛美丽的的初衷;窘迫失意时多些憧憬，只要别虚构不醒的苦梦!
385,【励志的话】,  就算全世界都否定我，还有我自己相信我，不要去想，是否有人在乎我，我的生活很安静，自己做主挥洒任意地自我。悲伤时，狼狈的哭相也很精彩，泪干后，仰头狂笑的是那样地灿烂，失意时，默默地寻找心灵久违的归宿，高兴时，勃发全身所有的激情。永远地，让自己活的很漂亮，很漂亮!
386,【励志的话】,  点点滴滴的苦痛与欢乐许许多多的错过微微小小的改变，凝合起来，从而造就了一条人生之路。人生路上，每一步落脚的体验让我们透过生活中的小事来一点一滴看人生。一点一滴看人生的每一点滴经验的凝聚，便铸就了辉煌的人生。
387,【励志的话】,  有些事不要等，等，就是迟到。万事俱备，东风就来了，这叫机遇;东风来了，毫无准备，这叫遗憾。很多事，还没发生，其实早已开始。有眼光的人，总能从一些现象中捕捉到这些事情发生的可能性，从而早作准备，等到瓜熟蒂落之时便是他们的成功之日。人生很多失败，不是你做不好，而是你做慢了。
388,【励志的话】,  在个人成长的道路上，会碰到多少风雨和霜雪，会尝到多少艰辛和困难。风雨能够磨练你的性情，霜雪会让你变得从容坦然;艰辛能够磨练你的意志，困难会让你变得更加坚强。不要生活在别人的影子里，不要工作在别人的眼色中;不要把前途命运交给幻想，不要把开心快乐随便遗忘。穿好自己的鞋走好自己的路。
389,【励志的话】,  一个人的成长，一是天赋，二是机遇，三是修炼，四是信仰。天赋是成长的基础，机遇就是贵人，修炼是成长的加油站，信仰是成长价值的皈依。我们平凡但不平庸。生活的形式是命定的，但在自己的人生里找到意义和方向，是自己定的。
390,【励志的话】,  真经不在西天，而在路途;佛祖不是如来，而是自我;那成群结队的妖精乃是人心生出来的欲望和执念;三大徒弟其实是唐僧多面的性格和天赋秉性。生活平波无澜不外人心已死，你还愤恨，你还痛苦，你甚迷茫，你就是那个时时刻刻跟妖精斗争的取经僧，你脚下的路，永远是通向自我的路。
391,【励志的话】,  人生在世，都会遇到厄运，适度的厄运具有一定的积极意义。它可以帮助人们驱走惰性，促使人奋进。因此厄运又是一种挑战和考验。我们的生活因厄运变得丰富而多彩，我们的性格因坎坷而锤炼的成熟。厄运来临与厄运挑战在战斗中升华自己，这就是逆境的意义所在!
392,【励志的话】,  相信自己，我们可以竖一方碑基，在人生的行程中。相信自己，即使在风浪翻涌的怒涛中，我们仍旧能把握自己生命的航船，准确驶向远方的港湾;相信自己，即使在山穷水尽疑无路的境地，我们仍旧可以开启柳暗花明又一村的新门。
393,【励志的话】,  学历代表过去，财力代表现在，学习能力代表将来。所见所闻改变一生，不知不觉会断送一生。没有目标的人永远为有目标的人去努力;没有危机是最大的危机，满足现状是最大的陷讲。下对注，赢一次;跟对人，赢一世。老板只能给你一个位置，不能给你一个未来，舞台再大，人走茶凉。
394,【励志的话】,  人一生可以灿烂，也能腐朽。人生的道路是自己一步一个脚印走出来的，而历史，则是人的社会进程记录。也是目标高远，越是容易成功，这是一种信念以及意志力。破釜沉舟，每一刻我们都在付出时间付出生命，坚定信念，一切都在前方。
395,【励志的话】,  乐观一点，用力微笑吧!隐晦的日子总敌不过我们阳光的心态。简单的付出，用心情转变话语，用事迹带动思绪的蔓延，很多的知识走进了内心。慢慢的造就了自己，改变了今天，铸就了明天，就这样，简单的就这样，累积自己，改变话语，改变事迹，必须付出属于自己的心情磨练和思考。
396,【励志的话】,  多少个梦，多少次想，多少回在梦海里，种植一株叫梦想的树。多少个梦想，掺杂着多少汗水，揉合着多少泪水，终于邂逅今生最美丽的花开。终于我们将得到我们想要的。寻找的旅途，除了艰辛还有美好，除了坎坷还有你认真思考认真走过之后坚毅的心。
397,【励志的话】,  不要羡慕别人的精彩，不要嫉妒别人的成功，任何精彩和成功的背后，都沉淀着酸楚，融解了心血。精彩和成功，只是事物结束的方式，行动和过程，才是连缀我们生命的线条。要想多些精彩和成功，行动前要有坚定的决心，拼搏中要有不折的韧性，败北后要有面对的勇气。成功，就是我们战胜了自己。
398,【励志的话】,  生活本是真假间陈、虚实夹杂，无须得之甚喜、失之过悲，当退守同心、成败同性。好坏无忧，只要前途还在延伸、奔波未停脚步，那就掸去浑身尘土，朝着终极挺进;笑哭不惧，阳光总在风雨后，辉煌正在铸就中，不如将眼泪咽进肚中，用勤奋编织进击。未来不用想像，它是当下的努力拼凑出的结局。
399,【励志的话】,  只要给梦想插上飞翔的翅膀，它总能到达它应到达的地方。人生也像坐火车一样，过去的景色那样美，让你流连不舍。别让磨砺去收走了笑容。渐渐地你会发现自己是何等的坚强!快乐是心的愉悦，幸福是心的满足。别和他人争吵，别和命运争吵，无计较之心，心常愉悦。
400,【励志的话】,  其实每个人都是这样，很多情况，坚持不一定是对的。在你实现梦想之前，需要做很多自己不喜欢的事情，需要走一些弯路才能知道自己爱的是什么。那些站着生活的人，谁知道背后他跪过了多少次，迂回的成功不可耻，但只要你还不忘当年的梦想，不让世界改变你，不变成自己讨厌的样子，你的坚持就没错。
401,【励志的话】,  人生一世一切都是虚无，唯有真实的就是满足感。人的本身大体上已冥冥中自有天定，世间万物都是安排好的规律。人生在世，看透想开，谁也离不开生老病死的循环。活着就要尽力去做事，让内心和身体统一去向前走，努力把生活丰富多彩!
402,【励志的话】,  当所有的日子静归于流水般的生活，今年如今日的生活，似乎也变得那么平淡如水。走过二十四载的光阴，经历了无数的坎坷与曲折，阅尽了流转沧桑的无奈与漂泊。我知道，未来的日子，磨难还会有;打击还会有;瞧不起的也还会有;但我所希望的无非是仅仅追索一个努力的方向，使之成为奋斗终生的信仰。
403,【励志的话】,  每个人都会有技不如人，寄人篱下的时候，不要自惭，也不必自卑，我们都是凡人，夹杂在人流中，过的是平凡的生活。当被别人忽略、笑话、非议、陷害的时候，要学会把握自己的节奏，只要内心不乱，外界就很难改变你什么。不要艳羡他人，谁都有苦痛;不要输掉自己，振作比一切都强。
404,【励志的话】,  生命有多长，不悲不喜。青春多荒凉，不骄不躁。生命长而青春不长，生命短而梦想不短。假如生命止于明天，那么我们能做的就只有珍惜今天。我很庆幸这个时候的自己是清醒的，得以抓住青春的尾巴。让我有勇气有时间去过好每一天，努力奋斗!
405,【励志的话】,  人生是一个选择的过程，为了心中那个一直坚持的梦想能走向成功，就必须学会坚持，学会果断拒绝各种各样的诱惑，哪怕一个人重复无聊的日子，苦嚼寂寞与冷清。我们要相信自己，不断激励自己，即使最后坚持的没有兑现，我们也可以坦然面对，全心全意付出后的坦荡，至少比轻言放弃的后悔幸福的多。
406,【励志的话】,  摔跤了，不要哭，再爬起来，站直一笑，拍拍尘灰，继续奔跑。正视人生的每一个挫折，适应人生的每一回起伏，吸取人生的每一场失败，利用人生的每一个坎坷。努力给自己一个最美好的心情，平衡住自己的气息，调整好自己的心态，不急于成功之事，就算摔了再大的跤，也一样能成为明天的更好。
407,【励志的话】,  你没资格看不起自己，你没资格半途而废，你没资格耍孤僻玩颓废破罐子破摔，你没资格受别人的言论左右，你没资格懦弱，你要清楚你是谁，你没有退路，你只能让自己活得比任何人都好变得比任何人都强大，达到让所有看低你的人仰视到脖子酸痛的高度，这才是值得你倾注一生的报复，这才是一记足够响亮的耳光。
408,【励志的话】,  人的一生全是靠奋斗，唯有奋斗才能成功。相信自己，我们就是会谱出一段美妙的音符，来唱出我们心中的那首歌。我是一个经常笑的人，可我不是经常开心的人。所有的爱情不能成，原因是有三：开始不给机会;中间不给空间;结局不给宽容。我相信，真正在乎我的人，是不会被别人抢走的。无论是友情还是爱情。
409,【励志的话】,  人生中再也不会像这个时期一样专一，坚决地，几近固执而又饱含信仰地，心无旁贷地，为了一个认定的目标而奋斗。当你在若干年后回想起自己曾经的努力和放弃，曾经的坚忍和耐力，曾经的执着和付出，曾经的汗水和泪水，那会是怎样一种感动和庆幸，怎样一种欣慰和尊敬;尊敬你自己。感谢你自己。
410,【励志的话】,  树大容易招风，也容易生虫。要想做一棵大树，就要忍受一些风吹虫咬。虽然会痛，虽然会无奈，但不能因为疼痛和无奈就不生长。人亦如此，越是出色的人，越会有小人绊脚，或出恶语，或诽谤，或不怀好意，但即便如此，我们仍要成长，仍要上进。对于不喜欢我们的人，要做的只有：站得更挺拔，活得更好。
411,【励志的话】,  起床，出发，去该去的地方，继续完成该完成的梦想。年轻人，阻止你继续前行的不应该是细雨冷日的天气，而是脚下隆起的土地;年轻人，困住你脚步的不应该是被窝，而是实现梦想过程中，那迎难而上的疲惫。年轻就，是你践行的资本，别把时间花在青春的坟墓里，无论风雨，我们都要在路上。
412,【励志的话】,  轮回之路绝非坦途，我们会遇上顺境，也会遇上逆境，要学会在面对挫折时，把它当成一种让自己克服挫折的磨练，这种磨练会让你成长、茁壮。要感谢欺骗你的人，是他增长了你的智慧;要感谢伤害你的人，是他磨炼了你的心志;要感谢藐视你的人，是他觉醒了你的自尊;要感谢遗弃你的人，是他锻炼了你的独立。
413,【励志的话】,  咱们生命就像弹簧一样，总是来回反弹。如果咱们一向顽强，那么总有一天，咱们会折断的。生活告诉咱们，咱们要有韧劲，咱们要能屈能伸。否则受伤的只是咱们自我。弹簧不是软弱，弹簧只是选取另一种生活的方式。有些事，咱们换一个角度去看，其实并不是那么难。
414,【励志的话】,  人生旅途中，虽然泥泞坎坷、风雨兼程，但经过风雨的洗涤，总会有一抹馨香扑鼻而来，萦绕心间，风雨过后，眼前又是鸥翔鱼游的水天一色，脚下也是积翠如云的空蒙山色。我们可以微笑面对风雨交加，要知道大海不能没有巨浪的翻滚，沙漠不能没有飞沙的狂舞，而我们的生活亦不能没有磨难曲折。
415,【励志的话】,  青春就像是切洋葱，我们都泪流满面，却还乐此不疲。幸福是种心态，领悟了，才能幸福。有些东西，得之我幸，每天被闹钟吵醒，证明我还活着;衣服越来越紧，那表示我吃得很好;有阴影陪伴我的劳动，那表示我明亮的阳光下。人生不过如此，保持乐观积极地情绪，逆着阳光，一路向前吧!
416,【励志的话】,  一个人起点低并不可怕，怕的是境界低。很多取得一定成就的人，在职业生涯初期都是从零开始。不要让过去成为现在的包袱，轻装上阵才能走得更远。人的心灵就像一个容器，时间长了里面难免会有沉渣，要时时清空心灵的沉渣，该放手时就放手，该忘记的要忘记。人生需要归零，要将过去清零，让自己重新开始。
417,【励志的话】,  何必向不值得的人证明什么，生活得更好，乃是为你自己。爱一个人决不潇洒，为自己留了后步的，也就不是爱。无论怎么样，一个人借故堕落总是不值得原谅的，越是没有人爱，越要爱自己。没才干的女人靠嫁人过活，有本事的女人靠自己过活。做一个女人要做得像一副画，不要做一件衣裳。
418,【励志的话】, 一个人的快乐，不是因为他拥有的多，而是因为他计较的少。 
419,【励志的话】, 人的生命似洪水奔流，不遇着岛屿和暗礁，难以激起美丽的浪花。 
420,【励志的话】, 人生是一所学校，在那里比起幸福，不幸是更好的老师。 
421,【励志的话】, 在这个世界上取得成就的人，都努力去寻找他们想要的机会，如果找不到机会，他们便自己创造机会。  
422,【励志的话】, 人的一生，应当像这美丽的花，自己无所求，而却给人间以美。
423,【励志的话】, 路是脚踏出来的，历史是人写出来的。人的每一步行动都在书写自己的历史。  
424,【励志的话】, 在那一刻，我意识到，我必须选择，要么对一切屈服，得过且过地生活，要么就得努力，争取饼上梦想的生活。  
425,【励志的话】, 每天收获小进步，积累起来就是大进步；每天收获小幸福，积攒起来便成大幸福。 
426,【励志的话】, 人的一生可能燃烧也可能腐朽，我不能腐朽，我愿意燃烧起来！
427,【励志的话】, 我们的生命是三月的天气，可以在一小时内又狂暴又平静。 
428,【励志的话】, 择善人而交，择善书而读，择善言而听，择善行而从。 
429,【励志的话】, 伟人之所以伟大，是因为他与别人共处逆境时，别人失去了信心，他却下决心实现自己的目标。  
430,【励志的话】, 人生的价值，并不是用时间，而是用深度去衡量的。 
431,【励志的话】, 一个人的价值，应当看他贡献什么，而不应当看他取得什么。  
432,【励志的话】, 给别人开启一扇窗，也就让自已看到了更完整的天空。  
433,【励志的话】, 成功离你很近，只要再多一点点坚持，你就会尝到胜利的果实。
434,【励志的话】, 面对命运不妥协，面对困难不退缩，这样才能做自己的英雄。
435,【励志的话】, 人的一生，应当像这美丽的花，自己无所求，而却给人间以美。 
436,【励志的话】, 成功的秘诀就在于多努力一次。为了成功，你努力了多少次？
437,【励志的话】, 一旦立下目标，不达目标绝不罢手，方可成功。
438,【励志的话】, 人的生命恰似一部小说，其价值在于贡献而不在于短长。
439,【励志的话】, 勇敢地接受挑战，不断地超越自我，这样才能发出你的无限潜能。
440,【励志的话】, 遇到困难时不要抱怨，既然改变不了过去，那么就努力改变未来。
441,【励志的话】, 善待人生的每个梦想，给自己信心，要知道你有能力实现它。
442,【励志的话】, 我依旧相信努力的意义，奋斗的价值，因为那是本质问题。
443,【励志的话】, 你相信你行，你就活力无穷；你认为你自已不行，就会精神萎靡。
444,【励志的话】, 做任何事都要经受得挫折，要有恒心和毅力，满怀信心坚持到底。
445,【励志的话】, 你被拒绝的越多，你就成长得越快；你学的越多，就越能成功。
446,【励志的话】, 一个人的快乐，不是因为他拥有的多，而是因为他计较的少。
447,【励志的话】, 积极向上的心态，是成功者的最基本要素。
448,【励志的话】,  一切伟大的行动和思想，都有一个微不足道的开始。有压力，但不会被压垮;迷茫，但永不绝望。生命就是一个逐渐支出和利用时间的过程。一旦丧失了时间，生命也就走到了尽头。
449,【励志的话】,  嘲讽是一种力量，消极的力量。赞扬也是一种力量，但却是积极的力量。人生最大的错误，是用健康换取身外之物，人生最大的悲哀，是用生命换取个人的烦恼，人生最大的浪费，是用生命解决自己制造的麻烦!
450,【励志的话】,  高峰只对攀登它而不是仰望它的人来说才有真正意义。成功决不喜欢会见懒汉，而是唤醒懒汉。没有一种不通过蔑视、忍受和奋斗就可以征服的命运。
451,【励志的话】,  孤独足够让人有无所畏惧的勇气。生活其实很简单，过了今天就是明天。过了做梦的年纪，就只能往前走。没有人陪你走一辈子，所以你要适应孤独，没有人会帮你一辈子，所以你要奋斗一生。
452,【励志的话】,  没有人能一路单纯到底，但要记住，别忘了最初的自己。要生活得漂亮，需要付出极大忍耐。一不抱怨，二不解释。只要面对阳光，阴影就在背后。
453,【励志的话】,  即使你有一千个理由难过，也要有一千零一个理由欢笑。我们总是把别人安抚得太好轮到自己就失了分寸。你一个人心情不好，不代表全世界都需要陪你难过。
454,【励志的话】,  只要还有明天，今天就永远是起跑线。知道自己目的地的人，才是旅行得最远的人。耐心点，坚强点;总有一天，你承受过的疼痛会有助于你。
455,【励志的话】,  人生最难吃的三碗面：人面情面场面。嘴里说的人生，就是自己以后的人生。很多爱不能重来我应该释怀输不起就不要输。没有创造的生活不能算生活，只能算活着。
456,【励志的话】,  人生就是一场旅行，不在乎目的地，在乎的应该是沿途的风景以及看风景的心情。如果放弃太早，你永远都不知道自己会错过什么。房屋别墅只是虚无坟墓才是永远的家。
457,【励志的话】,  他们善于夸大困难，缺少必胜的决心和勇气。即使为了赢得成功，也不愿意牺牲一点点安乐和舒适作为代价。总是希望别人能帮助他们，给他们支持。
458,【励志的话】,  那些只看到困难的人有一个致命弱点，就是没有坚强的意志去驱除障碍。他没有下定决心去完成艰苦工作的意愿。他渴望成功，却不想付出代价。他习惯于随波逐流，浅尝辄止，贪图安乐，胸无大志。
459,【励志的话】,  有一天，当我们老去的时候，回首人生，点点头，知道自己把握了最真实最珍贵的东西。当人生完结，闭眼挽手灵魂离去的时候，一份坦然，一份轻松!
460,【励志的话】,  当人生让你碰壁头破血流时，别害怕，没有这些挫折，怎能练就一身钢筋铁骨。当生活给你一百个理由哭泣时，别沮丧，你就拿出一千个理由笑给它看。
461,【励志的话】,  人生，看透不如看淡。在岁月中跋涉，每个人都有自己的故事，看淡心境才会秀丽，看开心情才会明媚。累时歇一歇，随清风漫舞，烦时静一静，与花草凝眸，急时缓一缓，和自己微笑。
462,【励志的话】,  无须匆忙，该来的总是会来。没有谁能一手遮天，可以属于自己的，不要轻易放手;不该属于自己的，要舍得放开。死拽着别人的，不去追求自己的，是一种悲哀。追求是一种信仰，放下是一种境界。
463,【励志的话】,  在苦难面前自强不息，就一定会赢得成功和幸福…人的一生难免要遭受很多的苦难，无论是与生俱来的残缺，还是惨遭生活的不幸。但只要勇于面对苦难，自强不息，就一定会赢得掌声，赢得成功，赢得幸福。
464,【励志的话】,  做人，简单就好;生活，宁静就好。最让我觉得幸福的，就是看着自己的亲朋好友，一个个的幸福。
465,【励志的话】,  世界这么大，一样米养百样人，你无法要求所有人的三观都同你吻合，唯一的方法，只有让自己变得更强，心理上的无坚不摧才能保护你，不被那些自私又狭隘的人所伤害。
466,【励志的话】,  很现实的一段话：别喊穷，没人给你钱;别喊累，没人会帮你做;别想哭，大家不在乎;别认输，没人希望你赢;别靠人，只有自己最可靠;别乞求，别人等着看笑话;别落魄，一堆人等着落井下石;别低头，地上没有黄金只有石头!越努力，越幸运。
467,【励志的话】,  生命的乐趣是要自己寻找的，谁也没有义务要为你做什么，要讨好你什么。爱情很美好，但是，生活永远比爱情要长，而生活，是需要智慧。乐观，阳光，凡事往好处想。
468,【励志的话】,  别总是抱怨生活不够幸运，是你欠了生活一份努力，每一个你讨厌的现在，都有一个不够努力的曾经…未来美不美，取决于你现在拼不拼…
469,【励志的话】,  人生的路上，我们都在奔跑，我们总在赶超一些人，也总在被一些人超越。人生的秘诀，就是寻找一种最适合自己的速度，莫因疾进而不堪重荷，莫因迟缓而空耗生命;人生的快乐是去走自己的路，看自己的景。
470,【励志的话】,  真正的修行不是逃离，不是躲避。而是欣然的面对，全然的接受，接受此刻正在经历的一切，好的坏的，完美的缺憾的。唯有当我们真正学会接受时，我们才明白一切的好与坏都只是自己的分别。其实，人生最好的境界就是花未开全，月未圆。拥有宽容，我们将一生收获笑容。
471,【励志的话】,  在现实生活中，有人总是企盼没有的，却忘了现成的;追求遥远的，却无视身边的。境由心生，心情不好，就会失去一次次微笑着感受人生喜悦的机会，其实，在这个纷繁复杂、充满诱惑的社会，不羡慕别人，不轻贱自己。安然的，过自已喜欢过的日子，就是最好的日子;活自己喜欢的活法，就是最好的活法!
472,【励志的话】,  总有一种声音，漫过岁月的流水，在灵魂的某一处回响;总有一种感觉，可以穿透经年，在记忆的田埂上芬芳。有多少坎坷，就会有多少领悟;有多少泪水，就会有多少坚强。给自己一份勇气，来笑看风雨，击不倒的才是真人生;给自己一份恬静，默默行走，淡淡收藏。
473,【励志的话】,  人生总是在苦恼中循环往复，挣扎不出;得不到的想得到，得到了又怕失去，总觉得别人得到的比自己得到的多。我们每个人都在挣扎中撰写自己的人生。人生这本书，你愿意也好，不愿意也好，都要非写不可，非读不可，而且是非要写好，读好不可的。
474,【励志的话】,  人，来到这个世界上，总会有许多的不如意，也会有许多的不公平;生活容不容易，关键看你怎么活。每个人，有每个人的需求;每个人，有每个人的梦想，最终都是想让心灵得到满足。少点攀比，少点比较，不为尘俗所迷，不为物欲所困，认认真真做事，踏踏实实做人。
475,【励志的话】,  在没人知道自己的付出时，不去表白;在没人懂自己价值的时候，不能炫耀;在没人理解自己的志趣时，不要困惑。活着自己的执着，活着自己的单纯，活着自己的痴醉，活着自己美丽的梦想。倾听自己的心跳，感受思想的脉动，回归真实的自己。这不是淡泊而是沉静，沉静也是一种美丽。
476,【励志的话】,  平凡的人生，总有风雨相伴，总有崎岖不平，总有月圆月缺，总有相聚别离。让我们在清寂的时光里成长自己，芬芳自己。守着一份恬淡的情怀，恋着一份静好的岁月，心愁像秋云般飘着无声无息的飘散，渐扩开去迷蒙的烟雨，静静地等待属于自己的那一份绚烂，那一份美丽。
477,【励志的话】,  在逆境中看到希望，在磨难中感悟快乐，在平凡中发现快乐，在曲折中找寻快乐，在艰辛中品味快乐。不沉迷幻想，不茫然未来;不慕繁华，不必雕琢;对人朴实，做事踏实;不要太固守，要懂得取舍，学会付出;不负重心灵，不伪装精神;不贪功急进，不张扬自我，成功时低调，失败后洒脱。
478,【励志的话】,  不相信自己的人，连努力的价值都没有
479,【励志的话】,  纵使荆棘密布，我又何曾退却一步
480,【励志的话】,  因为不出众，所以在努力
481,【励志的话】,  一切都在继续，为何不去努力
482,【励志的话】,  只有你强大了才有能力保护别人
483,【励志的话】,  收起羡慕别人的目光自己去努力
484,【励志的话】,  生活不要求我们成为最好的，只要求我们尽最大的努力
485,【励志的话】,  只要你不跪着这个世界没人比你高
486,【励志的话】,  别只顾着羡慕别人忘了给自己掌声
487,【励志的话】,  别人拥有的，你不必羡慕，只要努力，你也会拥有
488,【励志的话】,  没有人会嘲笑竭尽全力的人
489,【励志的话】, 爱就努力，不爱就放弃，一生那么短，你有什么理由不勇敢
490,【励志的话】,  只有蓬勃野心，没有日月风情
491,【励志的话】,  因为生活就如此，弱小就该死
492,【励志的话】,  有梦想并为之努力的人都好可爱哦，我也要做可爱的人
493,【励志的话】,  你才十七八岁，你可以成为任何你想成为的人
494,【励志的话】, 你的人生除了你自己，谁也毁不掉
495,【励志的话】,  你必须跳下悬崖，在坠落空中生出翅膀
496,【励志的话】, 时间告诉我们，无理取闹的年龄过了，该懂事了
497,【励志的话】,  曾经输掉的东西，只要你想，就一定可以再一点一点赢回来
498,【励志的话】,  要么努力向上爬，要么烂在社会最底层的泥淖里。既然选择了远方，便只顾风雨兼程
499,【励志的话】,  这个世界没有重来二字，所以不如一切趁早
500,【励志的话】,  你还年轻，别凑合过
501,【励志的话】,  我的青春不要留白，我敢异想就会天开
502,【励志的话】,  历史只会记住有野心的人
503,【励志的话】,  未来可能遥远，但不轻易放弃
504,【励志的话】,  今天做的一切挣扎都是在为明天积蓄力量，所以别放弃
505,【励志的话】,  你一事无成，还在那里傻乐
506,【励志的话】,  梦像是永远不可凋零的花。
507,【励志的话】,  拼搏到无能为力坚持到感动自己。没有野心的女人不漂亮
508,【励志的话】,  路是走出来的，而不是空想出来的
509,【励志的话】, 因为不能天生丽质，所以只能天生励志
510,【励志的话】,  只要肯努力，想要的都能自己得到
511,【励志的话】,  人只能活一回，梦想却有无数个，唯有放手一搏，才能知道机会属不属于自己
512,【励志的话】,  敬往事一杯酒，自此不再回头
513,【励志的话】,  所有的嫉妒都只是因为你没出息。
514,【励志的话】,  生活不会惯着你，想要不被抛弃，必须自己争气
515,【励志的话】, 征服畏惧、建立自信的最快最确实的方法，就是去做你害怕的事，直到你获得成功的经验。
516,【励志的话】, 让过去真的成为过去，让我们拿得起放得下，让时间埋葬无奈的回忆。
517,【励志的话】, 只因幸福只是一个过往，沉溺在幸福中的人；一直不知道幸福却很短暂。
518,【励志的话】, 对于人来说，问心无愧是最舒服的枕头。嫉妒他人，表明他人的成功，被人嫉妒，表明自己成功。 
519,【励志的话】, 谁伤害过你，谁击溃过你，都不重要。重要的是谁让你重现笑容。
520,【励志的话】, 乌云总会被驱散的，即使它笼罩了整个地球。心态便是黑暗中的那一盏明灯，可以照亮整个世界。 
521,【励志的话】, 人生最美的是过程，最难的是相知，最苦的是等待，最幸福的是真爱，最后悔的是错过。 
522,【励志的话】, 做不了决定的时候，让时间帮你决定。如果还是无法决定，做了再说。宁愿犯错，不留遗憾。
523,【励志的话】, 你不要一直不满人家，你应该一直检讨自己才对。不满人家，是苦了你自己。
524,【励志的话】, 人不怕卑微，就怕失去希望，期待明天，期待阳光，人就会从卑微中站起来，带着封存梦想去拥抱蓝天。 
525,【励志的话】, 成功需要成本，时间也是一种成本，对时间的珍惜就是对成本的节约。
526,【励志的话】, 纵然伤心，也不要愁眉不展，因为你不知是谁会爱上你的笑容。
527,【励志的话】, 相信自己，坚信自己的目标，去承受常人承受不了的磨难与挫折，不断去努力、去奋斗，成功最终就会是你的！ 
528,【励志的话】, 当一个人真正觉悟的一刻，他放下追寻外在世界的财富，而开始追寻他内心世界的真正财富。
529,【励志的话】, 不要因为寂寞而恋爱，孤独是为了幸福而等待。
530,【励志的话】, 人生就是生活的过程。哪能没有风没有雨？正是因为有了风雨的洗礼才能看见斑斓的彩虹；有了失败的痛苦才会尝到成功的喜悦。 
531,【励志的话】, 亮出你的理想，珍惜青春时光；拼出你的实力，品尝成功喜悦。
532,【励志的话】, 理想是力量的泉源、智慧的摇篮、冲锋的战旗、斩棘的利剑。
533,【励志的话】, 一个人如若不能使自己的人生辉煌，但也没有理由使它黯淡；人生可以平凡，但不可以庸俗堕落；人生不在乎掠取多少，而在于追求过程的完美与卓越！ 
534,【励志的话】, 人生，最宝贵的莫过于光阴。人生，最璀璨的莫过于事业。人生，最快乐的莫过于奋斗。 
535,【励志的话】, 一心读遍圣贤书，三心二意无益处，四书五经励我志；五洲四海任我游，三堂二课皆用功，一生前程始于此。 
536,【励志的话】, 学习如春起之苗，不见其增，日有所长；辍学似磨刀之石，不见其减，时有所亏。
537,【励志的话】, 失败与成功，往往只有一步之遥，但大多数人因为长途跋涉的疲劳，失去了和成功的激情相约。 
538,【励志的话】, 只要瞄准了大方向，坚持不懈地做下去，才能够扫除挡在梦想前面的障碍，实现美好的人生蓝图。
539,【励志的话】, 拼搏进取，一切皆有可能！我们的梦想一定能实现！
540,【励志的话】, 太阳每天都是新的，你是否每天都在努力。
541,【励志的话】, 一个人只要有梦想，生命就有了依托；一个人只有不懈地追逐着梦想，活着才觉得意义深远，趣味无穷，也才能将生命的潜能发挥到极致。 
542,【励志的话】, 想干出一番事业，学习有所建树，就要做好进阶挑战甚至面对失败的准备，坚持不解地执行预定的计划，不断向着自己的目标前进。 
543,【励志的话】, 人生路上总会遇到竞争对手，当你遇上强敌时，你恐怕会觉得很沮丧，如果是我的话，我将会感到无比的兴奋，因为遇上强敌，才会磨练我们的意志，我们的人生才会因竞争而变得更加精彩。 
544,【励志的话】, 把成功作为一种永恒的追求，就会走出失败。
545,【励志的话】, 你预习的可真全面，自主学习的能力很强，课下把你的学习方法介绍给同学们好不好？ 
546,【励志的话】, 什么都可以丢，但不能丢脸；什么都可以再来，唯独生命不能再来；什么都可以抛去，唯有信仰不能抛去；什么都可以接受，唯独屈辱不能接受。
547,【励志的话】, 嘲讽是一种力量，消极的力量。赞扬也是一种力量，但却是积极的力量。 
548,【励志的话】, 良好的心态，是阳光，能照亮你的生活。充满阳光的生活，是滋生快乐的土壤。它能让你的心情如阳光般明媚，它能让你的世界充满温馨，充满花香！ 
549,【励志的话】, 能冲刷一切的除了眼泪，就是时间，以时间来推移感情，时间越长，冲突越淡，仿佛不断稀释的茶。 
550,【励志的话】, 我只愿，在你的理想和希望里能为你增加一点鼓励，在你生活出现失意和疲惫时能给你一点儿力量和希冀，只愿你幸福快乐。 
551,【励志的话】, 快乐隐藏在生活的每一个细节里，更多时候，她你是财富，不是权势，而是一种积极向上的健康的心态，不要再为那些琐屑的事而把自己困在不快乐中。 
552,【励志的话】, 心存感激，永不放弃！即使是在最猛烈的风雨中，我们也要有抬起头，直面前方的勇气。 
553,【励志的话】, 生活不要太劳累，弄得自己很疲惫，快乐幸福多体会，烦恼忧愁不用追，吃点好的别嫌贵，联系朋友别欠费，天空辽阔任你飞，再多困难别后退！
554,【励志的话】, 人生也是一样，难免遭遇坎坷，有时苦难和不幸就像无边黑夜笼罩着你，这时，你就要为自己点一盏灯，不是拿在手上，而是亮在心里。 
555,【励志的话】, 付出终有回报，信心绝对重要。马上就要高考，别忘面带微笑。有空睡个好觉，不必紧张煎熬。敞开鲲鹏怀抱，直上青云九霄。 
556,【励志的话】, 每一日你所付出的代价都比前一日高，因为你的生命又消短了一天，所以每一日你都要更积极。
557,【励志的话】, 想得好是聪明，计划得好更聪明，做得好是最聪明又最好。
558,【励志的话】, 快忘了那些不高兴的事吧！你看就连今天的阳光都如此明媚灿烂，都在努力为你驱逐烦恼焦躁，希望你灰暗的心情在此刻明亮起来，去迎接美好的明天！ 
559,【励志的话】, 当你珍惜自己的过去，满意自己的现在，乐观自己的未来时，你就站在了生活的最高处。 
560,【励志的话】, 要永远坚信这一点，一切都会变的。无论受多大创伤，心情多么沉重，一贫如洗也好，都要坚持住。 
561,【励志的话】, 世界上那些最容易的事情中，拖延时间最不费力。
562,【励志的话】, 一生之中一定会遇到某个人，他打破你的原则，改变你的习惯，成为你的例外。其实全世界最幸福的童话，不过是一起度过柴米油盐的岁月。
563,【励志的话】, 好的想法是十分钱一打，真正无价的是能够实现这些想法的人。 
564,【励志的话】, 给自己找茬是诊断，给自己找事是磨练，给自己剖析是知己，给自己嘲笑是激励！ 
565,【励志的话】, 人的生命之所以顽强，是得已历经风露，磨难，而依然完好无损，享受阳光。可生命中那些不完美的缺陷，往往它会成为生命中的一道独特的风景！
566,【励志的话】, 做任何一件事，都要有始有终，坚持把它做完。不要轻易放弃，如果放弃了，你就永远没有成功的可能。 
567,【励志的话】, 人生是坎坷的，人生是崎岖的。我坚信：在人生中只有曲线前进的快乐，没有直线上升的成功。 
568,【励志的话】, 让我们重整旧日的行囊，挥去身上的尘埃，带着信心上路催化我们的人生，继续探索明天，弄浪潮头，活出自信人生、击水三千吧！ 
569,【励志的话】, 忧伤并不是人生绝境、坎坷并非无止境，没有谁能剥夺你的欢乐，因为欢乐是心灵结出的果实。
570,【励志的话】, 在人生的道路上，我们总是会觉得这样或者是那样的不如意，但千万别跟自己过不去，而要懂得善待自己，只有这样我们才能获得精神的解脱，从容地走自己选择的路，做自己喜欢做的事。 
571,【励志的话】, 人生最痛苦的是梦醒了无路可走，有时真希望自己永远生活在那个虚构的世界里，人生如梦，要真的是梦就好了，美丽的梦和美丽的诗一样，都是可遇而不可求的。 
572,【励志的话】, 人生从来没有真正的绝境。无论遭受多少艰辛，无论经历多少苦难，只要一个人的心中还怀着一粒信念的种子，那么总有一天，他就能走出困境，让生命重新开花结果。 
573,【励志的话】, 我们每个人都应微笑面对人生，没有了怨言，也就不会有哀愁。
574,【励志的话】, 给自己的人生设立一个目标，给自己未来一个明确的希望，给自己的生活一个方向灯。让我们为着这个方向而努力，不断去超越自己，提高自己的水平，不让自己有懈怠的时候。 
575,【励志的话】, 每个人都有自己不完全了解的潜力，在困难和压力面前，别急着说自己不行或不可能，或许，竭尽全力之后会有惊喜。 
576,【励志的话】, 不管遇到什么困难，只要双手合十默念，心存正气，老天就会赐给你勇敢的力量，战胜一切恐惧。 
577,【励志的话】, 如果无法像太阳那样给予月亮皎洁之美，也不要如黑洞般，狠狠侵吞这个世界的生机和光芒。正能量未必好用，但负能量势必伤人。 
578,【励志的话】, 你看，若不努力，除了年纪在涨，头发变少，容颜变老，你买不起的还是买不起，你喜欢的人还是与你无关。
579,【励志的话】, 所有的努力都是为了满足自己，虚度光阴不可取，人生不能白活一场。
580,【励志的话】, 没有谁的生活是一帆风顺，总有一些痛苦会折磨我们的心灵，只有相信未来，不乱于心，不困于情，努力工作，明天会更好 
581,【励志的话】, 水再浑浊，只要长久沉淀，依然会分外清澄；人再愚钝，只要足够努力，一样能改写命运。 
582,【励志的话】, 不想碌碌无为，不想抱怨别人，只能逼自己一把，勤劳创造财富少依赖他人。
583,【励志的话】, 过去的不会重来但值得回味，真感谢那些曾经拥有，很多东西真的是可遇不可求，得到的未必会永久，我们都曾经遇到过对的人和事。 
584,【励志的话】, 人生没有如果只有环境造就人，内疚是心灵的毒药可消除人的意志，人在磨难中成长往往会更加坚强。 
585,【励志的话】, 民与食为天，人生都是在为衣食住行而奔波，总少不了柴、米、油、盐、酱、醋、茶。要富足，努力工作是关键，手停就口停。 
586,【励志的话】, 为了自己想要的未来，你要相信，挺过这段难熬的时间，一切都会好起来的，所以你必须得满怀信心地坚持下去。 
587,【励志的话】, 给自己一个方向，哪怕不能天荒地老。给自己一个信仰，何惧一路慌张。只要心有所向，万事皆无法阻挡。
588,【励志的话】, 生活很烦真累，有干不完的工作，满足不了的欲望，我们要有一颗平常心，想要的就得搏一搏。
589,【励志的话】, 逆境是成功的阶梯，痛苦和委屈是人生最宝贵的经验，生活中的许多苦难让我们学会了承受，学会了担当，学会了坚韧，要知道，很多人前显贵都离不开背后受罪。 
590,【励志的话】, 要想改变我们的人生，第一步就是要改变我们的心态。只要心态是正确的，我们的世界就会的光明的。 
591,【励志的话】, 即使行动导致错误，却也带来了学习与成长；不行动则是停滞与萎缩。
592,【励志的话】, 年轻的时候，连多愁善感都要渲染的惊天动地。长大后却学会，越痛，越不动声色。越苦，越保持沉默。
593,【励志的话】, 对于已经发生了的事实，既然已经无法改变了，那我们就承认现实，接受现实，除了认命以外还是认命，没有其它更好的办法了，这也是最明智之举。 
594,【励志的话】, 当你觉得自已充满斗志，充满信心，别人就会觉得你就是值得相信的你。
595,【励志的话】, 如果发现自己不能创造奇迹，那就努力让自己变成一个奇迹。
596,【励志的话】, 我问你在哪里，在做什么，并不是想窥探你。而是想通过一次又一次的答案，拼凑还原出一个我并不了解的，你的生活和世界。 
597,【励志的话】, 人在身处逆境时，适应环境的能力实在惊人。人可以忍受不幸，也可以战胜不幸，因为人有着惊人的潜力，只要立志发挥它，就一定能渡过难关。 
598,【励志的话】, 你不能放弃梦想，但是可以改变方向，因为你不知道在人生的拐角处会遇到什么。
599,【励志的话】, 放眼前方，只要我们继续，收获的季节就在前方！ 
600,【励志的话】, 姑娘，你要努力，你想要的，只能你自己给。别人给的，你要问问自己，拿得起么。
601,【励志的话】, 只折磨自己是单相思，只折磨别人是虐待狂，既折磨别人更折磨自己是爱情。
602,【励志的话】, 只有经历过地狱般的折磨，才有征服天堂的力量。只有流过血的手指才能弹出世间的绝唱。
603,【励志的话】, 你不喜欢我，我一点都不介意。因为我活下来，不是为了取悦你！
604,【励志的话】, 面对困难、挫折、挑战只要你肯相信自己，不断努力的付出，哪怕你现在的人生是从零开始，你都可以做得到。 
605,【励志的话】, 每个人都想赢，而你想过，你是真的不怕输么？不怕输才是真正的关键。最逗的是，只有你不怕输的时候，你才能赢。 
606,【励志的话】, 当一个小小的心念变成为行为时，便能成了习惯；从而构成性格，而性格就决定你生命的成败。 
607,【励志的话】, 认真的分析自我，客观的评价自我，从容的面对自我，奋发的激励自我，勤奋的努力自我，用心的拼搏自我，自信的超越自我，才会演绎人生的精彩！ 
608,【励志的话】, 使用双手的是劳工，使用双手和头脑的是舵手，使用双手头脑与心灵的是艺术家，只有合作双手头脑心灵再加上双脚的才是推销员。 
609,【励志的话】, 伟人之因此伟大，是正因他与别人共处逆境时，别人失去了信心，他却下决心实现自我的目标。 
610,【励志的话】, 成功与失败之间，说简单也很简单，说复杂也很复杂。总而言之一句话，只要做人不失败，那就是最大的成功！ 
611,【励志的话】, 不要抱怨，抱怨永远只能显示你没本事。因为如果你有本事，就可以改变现状，而不只是忍受。既然改变不了，又不够走开，那么就沉默地接受现实。
612,【励志的话】, 生于忧患，死于安乐。如果你想跨越自己目前的成就，就不能画地自限，而是要勇于接受挑战。对畏畏缩缩的人来说，真正的危险正在于不敢冒险！ 
613,【励志的话】, 人的生命之所以顽强，是得已历经风露，磨难，而依然完好无损，享受阳光。可生命中那些不完美的缺陷，往往它会成为生命中的一道独特的风景！ 
614,【励志的话】, 只有在集体中，个人才能获得全面发展其才能的手段，也就是说，只有在集体中才可能有个人自由。
615,【励志的话】, 生命是黑暗的，除非有了激励；激励是盲目的，除非有了知识；知识是徒然的，除非有了工作；工作都是虚空的，除非是有了爱。 
616,【励志的话】, 所谓对自己好一点，就是看得起自己，原谅自己，纵容自己，鼓励自己，爱上自己。岁月会证明，你自己的自己，是唯一一个＂活对了的＂人生。 
617,【励志的话】, 在世界的历史中，每一伟大而高贵的时刻都是某种热忱的胜利。
618,【励志的话】, 不经历磨难，怎能见彩虹？遇到困难不能够退缩，否则你就还没上战场就输给了自己。要具备不屈服的精神，在困难面前永不低头。 
619,【励志的话】, 当你珍惜自己的过去，满意自己的现在，乐观自己的未来时，你就站在了生活的最高处。 
620,【励志的话】, 挫折经历的太少，所以总是把一些琐碎的小事看的太重。
621,【励志的话】, 这个世界并不是掌握在那些嘲笑者的手中，而恰恰掌握在能够经受得住嘲笑与批评忍不断往前走的人手中。 
622,【励志的话】, 如果你被幸运之神遗忘，请不要悲伤，相信阳光总会有一天会照耀在你的身上。 
623,【励志的话】, 喜欢春天讨厌阴湿，喜欢夏天讨厌黏热，喜欢秋天讨厌干燥，喜欢冬天讨厌刺寒，没有什么东西能让人百无挑剔。 
624,【励志的话】, 成功是优点的发挥，失败是缺点的累积。走对了路的原因只有一种，走错了路的原因却有很多。  
625,【励志的话】, 如果我们把每个人的不幸堆一堆由大家均分，大多数人都甘愿接受一份，欣然离去。 
626,【励志的话】, 生活呆以是甜的，也可以是苦的，但不能是没味的。你可以胜利，也可以失败，但你不能屈服。 
627,【励志的话】, 曾经拥有的不要忘记，难以得到的更要珍惜，属于自己的不要放弃，已经失去的留作回忆。 
628,【励志的话】, 伤心有时是一种动力，失望有时是一种解脱，执迷不悟有时是一种磨练。 
629,【励志的话】, 虽然我们无法改变人生，但可以改变人生观。虽然我们无法改变环境，但我们可以改变心境。 
630,【励志的话】, 人生当自强，人的一生，总会遇见挫折磨难，但人生没有过不去的坎，走过了，便是一种收获，便会让自己成长起来。  
631,【励志的话】, 人生前方路并非坦途，我自仰天长笑，面对人生的坎坷与荆棘，风雨中我会更坚强，为活出了自我而喝彩！  
632,【励志的话】, 风吹起如花般破碎的流年，而你的笑容摇晃摇晃，成为我命途中最美的点缀，看天，看雪，看季节深深的暗影。 
633,【励志的话】, 觉得自己做得到和做不到，其实只在一念之间。
634,【励志的话】, 生命，需要我们去努力。年轻时，我们要努力锻炼自己的能力，掌握知识掌握技能掌握必要的社会经验。 
635,【励志的话】, 都是路边树上的山果是酸的，其实是我们不懂得如何攀缘才能摘到山果；都说金钱不能买到快乐，其实是我们不知道从哪里能买到快乐。 
636,【励志的话】, 身处今天，不要总是怀念，总是感叹，总是埋怨我们应该把每一个今天都当成人生的开始！只有从零开始，脚踏实地，全身心的精益好今天，才会迎来灿烂的明天。 
637,【励志的话】, 今天很短，但今天很重要，漂亮的今天，不仅可以把昨天的辉煌变成明天的辉煌，更可以把昨天的失败变成明天的成功。
638,【励志的话】, 人生的坚持，就是学习的坚持，尽管是遭遇困苦，但是我们却是能在一次次的苦难中去成长，重新的去爬起来。这就是奋斗的人生。 
639,【励志的话】, 心有多宽，人生的舞台就有多宽，如果不能打碎心中的壁垒，即使给你整个世界，你也找不到自由的感觉。 
640,【励志的话】, 每一次选择都必须是一次超越，否则就不要选择；每一次放弃都必须是一次升华，否则就不要放弃。
641,【励志的话】, 如果你够坚强，够勇敢，你一定能挣脱厄运的枷锁，获得新生的自由。幸福是一种甜蜜的感受，需要用心感受。 
642,【励志的话】, 人生，由我不由天，幸福，由心不由境。缰绳只能拴住被降服的马，命运之神只能主宰乖乖听从命运摆布的人。
643,【励志的话】, 有些事情是急不来的，等到条件成熟时，自然水到渠成。世界上那些了不起的成就，大多是由耐心堆积而成的。 
644,【励志的话】, 理想并不是参天大树，而是一颗小种子，需要你去播种，去耕耘；理想并不是一片绿洲，而是一片荒漠，需要你在上面栽种上绿色。
645,【励志的话】, 世上并没有用来鼓励工作努力的赏赐，所有的赏赐都只是被用来奖励工作成果的。 
646,【励志的话】, 没有不老的誓言，没有不变的承诺，踏上旅途，义无反顾！ 
647,【励志的话】, 当你感到悲哀痛苦时，最好是去学些什么东西。学习会使你永远立于不败之地。 
648,【励志的话】, 前有阻碍，奋力把它冲开，运用炙热的激情，转动心中的期待，血在澎湃，吃苦流汗算什么。 
649,【励志的话】, 只有经历过地狱般的折磨，才有征服天堂的力量。只有流过血的手指才能弹出世间的绝唱。
650,【励志的话】, 当思念太过积聚，深沉的有如负赘，会使一些遥远记忆中的说话浮到嘴边，让人忍不住想再听一遍。 
651,【励志的话】, 不要指望对方为你付出一切，你觉得你的重量真的或者应该比父母、朋友更重要？如果说你很重要，那只是比其中一个或几个重要，但是也许在必要时她会为你付出生命！ 
652,【励志的话】, 每当你无聊的时候，总是会给你短信的那个人，才是关心你的人。不要因为习惯就觉得那是应该的。 
653,【励志的话】, 世间最容易的事是坚持，最难的事也是坚持。要记住，坚持到底就是胜利。
654,【励志的话】, 真正的好朋友，并不是在一起就有聊不完的话题，而是在一起，就算不说话，也不会感到尴尬。 
655,【励志的话】, 付出真心，才会得到真心，却也可能伤得彻底；保持距离，就能保护自己，却也注定永远寂寞。
656,【励志的话】, 让自己一边成熟，一边寻找时机。等时机成熟时，理想就可以实现了。
657,【励志的话】, 记住，别轻易地放弃叩门，成功会在你下一次叩门时，微笑着迎接你的。 
658,【励志的话】, 如果我们之间有1000步的距离，你只要跨出第1步，我就会朝你的方向走其余的999步。 
659,【励志的话】, 没有人能预知未来的命运，但我们可以用愉悦的表情面对命运。
660,【励志的话】, 很多事情不能自己掌控，即使再孤单再寂寞，仍要继续走下去。不许停也不能回头。
661,【励志的话】, 若要前行，就得离开你现在停留的地方。
662,【励志的话】, 能成事的人总觉得有无数的机会，成不了事的人总他妈的有无数个借口。 
663,【励志的话】, 吃不了苦就别埋怨生活不给你幸福，做不了事就别抱怨世界给你不公。 
664,【励志的话】, 无能的人才会抱怨，有能力的人从来不去评判社会的不公。
665,【励志的话】, 不要评价别人容貌，因为他不靠你吃饭；不要评价别人德行，因为你未必有他高尚；不要评价别人家庭，因为那和你无关。 
666,【励志的话】, 良心是每一个人最公正的审判官，你骗得了别人，却永远骗不了你自己的良心。 
667,【励志的话】, 人生最大一种痛，不是失败，而是没有经历自己想要经历的一切。别忘了心底的那个梦想。 
668,【励志的话】, 每个人都活着，但有的人活在过去的记忆中，有的人活在对未来的痴想中，只有活在今天的人，是把自己的一生掌握在手中。 
669,【励志的话】, 人生途中，有些是无法逃避的，比如命运；有些是无法更改的，比如情缘；有些是难以磨灭的…… 
670,【励志的话】, 包容是一种美德，它体现着一个人的修养和自信。一份理解和包容，就是人与人之间可以互赠的最好礼物。学会包容，也就是选择了通向幸福和快乐方向。 
671,【励志的话】, 问心无愧，了然半生，后面的路还很长，别拿自己不当人看，只为别人而活。
672,【励志的话】, 人走不开，不过因为他不想走开；一个人失约，乃因他不想赴约，一切借口均属废话，都是用以掩饰不愿牺牲。
673,【励志的话】, 每一滴水都是海。人因有自我，便产生了痛苦！由自我的观点产生了过去、未来，产生了好、坏、顺、逆，人一直活在企盼与欲望中。 
674,【励志的话】, 当你用烦恼心来面对事物时，你会觉得一切都是业障，世界也会变得丑陋可恨。 
675,【励志的话】, 仔细的整理仪表，不但能给准客户良好的第一印象，而且能够培养自己正确的姿态。 
676,【励志的话】, 有人说过，每个人一生都会遇到四个人，第一个是你自己，第二个是你最爱的人，第三个是最爱你的人，第四个是共度一生的人。 
677,【励志的话】, 实在放不下的时候，去趟重症病房或者墓地，你容易明白，你已经得到太多，再要就是贪婪，时间太少，好玩儿的事儿太多，从尊重生命的角度，不必纠缠。 
678,【励志的话】, 重新站起来，告诉自己，继续走吧，路途尚未结束--即使重新捡起的东西已被别人踩得粉碎。包括你蹲下去的时候，散落一地的尊严。 
679,【励志的话】, 如果你不给自己烦恼，别人也永远不可能给你烦恼。因为你自己的内心，你放不下。 
680,【励志的话】, 有一些人活在记忆里，刻骨铭心；有一些人活在身边，却很遥远。这个世界很大，即使是擦肩而过的陌生人，相遇时也飘散着淡淡的缘，所以，缘来是你，我惜；缘尽你去，我放。 
681,【励志的话】, 生活原本是一杯水，贫乏与富足权贵与卑微等等，都不过是人根据自己的心态和能力为生活添加的调味。 
682,【励志的话】, 愿意放弃才不会苦，适度知足才不会悔；记住感恩才不会怨，懂得珍惜才不会愧。人生，在心淡中求满足，在尽责中求心安，在奉献中求快乐，在忠诚中求幸福。 
683,【励志的话】, 绝大多数人，在绝大多数时候，都只能靠自己。
684,【励志的话】, 决定今天的不是今天，而是昨天对人生的态度；决定明天的不是明天，而是今天对事业的作为。我们的今天由过去决定，我们的明天由今天决定。
685,【励志的话】, 只要拥有志向，在努力的为它奋斗，那不可能也会变成可能，只要坚持不懈，那你一定能够达到成功的彼岸。 
686,【励志的话】, 加倍努力，证明你想要的不是空中楼阁。胜利是在多次失败之后才姗姗而来。 
687,【励志的话】, 有些路看起来很近，可是走下去却很远的，缺少耐心的人永远走不到头。人生，一半是现实，一半是梦想。 
688,【励志的话】, 不求与人相比，但求超越自己，要哭就哭出激动的泪水，要笑就笑出成长的性格！ 
689,【励志的话】, 不到最后一刻，千万别放弃。最后得到好东西，不是幸运，有时候，必须有前面的苦心经营，才有后面的偶然相遇。 
690,【励志的话】, 生活就是那样，不留一丝余地，活下去似乎都需要很大的勇气。
691,【励志的话】, 人生的旅途中，会有一段路需要自己走，一些事需要自己扛。扛得下你就赢。
692,【励志的话】, 志向要远些，目标要近些，与其躺在原地做梦，不如逐步靠近梦想。
693,【励志的话】, 不累到极点，怎会懂的休息，不跌倒谷底，怎会寻找出路。
694,【励志的话】, 继续可能你会失败，但是放弃，你就连失败的机会都没了。
695,【励志的话】, 跟着理智走，要有勇气；跟着感觉走，就要有倾其所有的决心。
696,【励志的话】, 我们都有一片属于自己的荒漠，我们既是金子，亦是淘金者。
697,【励志的话】, 如果没有如果，曾经已是曾经，过去早已过去，做自己的自己。
698,【励志的话】, 不必哭泣，每个人都是自己世界的主角，没必要成为他人世界的配角。
699,【励志的话】, 喜欢一个人，就要努力去追，有时，一刻迟疑，便是一生天涯。
700,【励志的话】, 能让自己登高的，不是借用他人的肩膀，而是自身的学识。
701,【励志的话】, 回首之前走过的路，唯一值得庆幸的是，我从未循规蹈矩的行走。
702,【励志的话】, 保证，在未来是最无效的，在时间是最无用的，在人心是最没说服力的
703,【励志的话】, 很多事犹如天气，慢慢热或者渐渐冷，等惊悟，已过了一季。
704,【励志的话】, 一个人命中最大的幸运，莫过于在他人生中途，即在他年富力强时发现了自己生活的使命。
705,【励志的话】, 梦想，就是这样一个词，不在于拥有，而在于追求。
706,【励志的话】, 宁愿跑起来被拌倒无数次，也不愿规规矩矩走一辈子，就算跌倒也要豪迈的笑。
707,【励志的话】, 人生的旅途中，会有一段路需要自己走，一些事需要自己扛。扛得下你就赢。
708,【励志的话】, 志向要远些，目标要近些，与其躺在原地做梦，不如逐步靠近梦想。
709,【励志的话】, 在生活中，我跌倒过。我在嘲笑声中站起来，虽然衣服脏了。
710,【励志的话】, 任何一个行业，一个市场，都是先来的有肉吃，后来的汤都没的喝。
711,【励志的话】, 这个社会，是赢家通吃，输者一无所有，社会，永远都是只以成败论英雄。
712,【励志的话】, 成功者就是胆识加魄力，曾经在火车上听人谈起过温州人的成功，说了这么三个字，“胆子大”。这其实，就是胆识，而拿得起，放得下，就是魄力。 
713,【励志的话】, 一个年轻人，如果三年的时间里，没有任何想法，他这一生，就基本这个样子，没有多大改变了。
714,【励志的话】," 努力不一定成功,但放弃一定失败只有学会如何停下来的人，才懂加速。"
715,【励志的话】, 无论什么时候，记住尊严这两个字，做人是要有尊严，有原则，有底线的。否则，没有人会尊重你。 
716,【励志的话】, 给自己定一个五年的目标，然后，把它分解成一年一年，半年半年的，三个月的，一个月的。这样，你才能找到自己的目标和方向。 
717,【励志的话】, 关于爱情，有这么一句话，没有面包，怎么跳舞？无论什么时候，你决定去好好爱一个人的时候，一定要考虑给她你能给予的最好的物质生活。 
718,【励志的话】, 平时的时候，多和你的朋友沟通交流一下，不要等到需要朋友的帮助时，才想到要和他们联系，到了社会，你才会知道，能够认识一个真正的朋友，有多难。
719,【励志的话】, 趁着年轻，多出去走走看看。读万卷书，不如行万里路，行万里路，不如阅人无数。 
720,【励志的话】, 读书，遇见更好的自己 ：读书并不能让人一夜暴富，为什么还要读?不读书，世界就和纸一样单薄。而读书的人，则能从每本书里看到这世界的不同侧面，学识与情感都在阅读中自然丰厚。读书，正是为了遇见更好的自己。 
721,【励志的话】, 做人要几分淡泊，清风细雨，同样有韵致，有诗意;做事要几分从容，俯仰之间，依然洒脱，依然随意。不刻意，不虚伪;尽自然，尽能力。 
722,【励志的话】, 不狠狠摔那么一跤，就不会知道有谁愿意停下来等你。有段时间，你突然和一些人关系很好，有事没事就把“一辈子在一起”挂在嘴边，然而他突然间消失在你生命里。这世上真的有相见恨晚，但你不会和每个人相见恨晚。 
723,【励志的话】, 青春是打开了就合不上的书，人生是踏上了就回不了头的路，爱情是扔出了就收不回的赌注。 
724,【励志的话】, 生活中，虽然学习和工作很紧张，但是也应注意劳逸结合，经常磨快自己的“锯子”，以加快成功的步伐。没时间磨锯，就没有机会成功。 
725,【励志的话】, 诚实就如埋藏在泥土里面的果实，谎言犹如枝头上妖艳的花朵。虽然谎言能给人暂时的美感，但它的枯萎是不可避免的，而诚实会在那里生根发芽。 
726,【励志的话】, 挫折是一块石头，对于弱者来说它是拌脚石，让你停步不前。而对于强者来说它是垫脚石，使你站得更高。
727,【励志的话】, 有时费尽唇舌，争执一个不易化解的问题，还不如来一个简单的行动容易。这样的话，你就能化解敌人的攻势于无形。
728,【励志的话】, 你要求的次数越多，你就越容易得到你想要的东西，而且也会享受到更多的乐趣。 
729,【励志的话】, 人生绝对不能失去的东西：自制的力量，冷静的头脑，希望和信心。以锻炼为本，学会健康;以修进为本，学会求知;以进德为本，学会做人;以适应为本，学会生存。
730,【励志的话】, 生活中总是有很多闪闪发亮的人，他们变成了一种信仰的存在。他们用自己最大的力量，改变着世界，改变着我们。 
731,【励志的话】, 哭给自己看，笑给别人听，这就是所谓的生活。
732,【励志的话】, 你生命中的任何痛苦，都不会来得毫无征兆，如果它来了，那就意味着你的人生需要改变了。
733,【励志的话】, 我的执着让我挨了许多苦，但是会让我收获的更多。
734,【励志的话】, 你的骄傲和梦想是你身上最了不起的东西，不管前路荆棘丛生踏着眼泪走得多辛苦，你别放弃。
735,【励志的话】, 好运不会总是降临在你身上，你的努力是唯一能让你站住脚跟的依靠。 
736,【励志的话】, 所谓的成功，就是不停地经历失败，并且始终保持热情。
737,【励志的话】, 永远不要认为我们可以逃避，我们的每一步都决定着最后的结局，我们的脚正在走向我们自己选定的终点。 
738,【励志的话】, 同样的一瓶饮料，便利店里 2 块钱，五星饭店里 60 块，很多的时候，你的价值取决于所在的位置。 
739,【励志的话】, 总是有人要赢，为什么不能是你，同样都是人，为什么要比别人差。 
740,【励志的话】, 幸福就是每一个微小的愿望得到满足，可以吃到我们想吃的东西，可以去我们想去的地方，跟我们喜欢的人在一起，人生若此，足以。 
741,【励志的话】, 绳子如何的打结，蝴蝶结，中国结，绳子始终是绳子。生活让我们改变了外在的姿态，但内在始终不应该更改。
742,【励志的话】, 生命中最值得荣耀的，不是没有失败，而是在每次失败后都能勇敢地站起来。 
743,【励志的话】, 任何事情都是有好有坏的，不违反道德和法律的，都应该尽量去尝试，受伤了也可以让自己更加坚强，怕，是最不需要的情绪之一 
744,【励志的话】, 这个世界曾有过你，我不知道这对我来说是好事，还是坏事。 
745,【励志的话】, 时间就像一张网，你撒在哪里，你的收获就在哪里。 
746,【励志的话】, 守候瞬间永恒，转身记忆纷飞，念它飘落风铃，心哀如雨滋霉，爱痛陨落尘埃，情殇缱绻枯涸。
747,【励志的话】, 凡成大事者，得意时能自知而不忘形；失意时能自持而不放弃。
748,【励志的话】, 命中总有那么一段时光，充满不安，可是除了勇敢面对，我们别无选择。
749,【励志的话】, 一个人应养成信赖自己的习惯，即使在最危急的时候，也要相信自己的勇敢与毅力。
750,【励志的话】, 生命的完整，在于宽恕、容忍、与博大的爱心，如果没有这一切，你拥有了所有，也是虚无。
751,【励志的话】, 与天下之忧同忧，该忧则忧，莫杞人忧天；共天下之乐同乐，该乐则乐，乐而忘返。
752,【励志的话】, 在生命里寻觅快乐的方法，就是了解你被赋予生命是为了奉献。 
753,【励志的话】, 人生是各种不同的变故、循环不已的痛苦和欢乐组成的。那种永远不变的蓝天只存在于心灵中间，向现实的人生去要求未免是奢望。 
754,【励志的话】, 心作良田耕不尽，善为至宝用无穷。我们应有纯洁的心灵，去积善为大众。就会获福无边。
755,【励志的话】, 人生最终的价值在于觉醒和思考的能力，而不只在于生存。
756,【励志的话】, 不要哭，哭也不会有任何改变，这个世界从来不曾对任何人温柔。
757,【励志的话】, 招手海边鸥鸟，看我胸中云梦，蒂芥近如何？楚越等闲耳，肝胆有风波。 
758,【励志的话】, 即使心被炸得粉碎，血如井喷，我也依然安之若素，安之若素。
759,【励志的话】, 我要这天，再遮不住我眼，要这地，再埋不了我心，要这众生，都明白我意，要那诸佛，都烟消云散！ 
760,【励志的话】, 没有遇到挫折，永远不会懂得自己的力量有多大。
761,【励志的话】, 当你的错误显露时，可不要发脾气，别以为任性或吵闹，可以隐藏或克服你的缺点。
762,【励志的话】, 老板只能给一个位置，不能给一个未来。舞台再大，人走茶凉。
763,【励志的话】, 十数载寒窗蛰伏，只等这一天破茧而出；无数人殷情期待，只为这一刻羽化成蝶。
764,【励志的话】, 所见所闻改变一生，不知不觉断送一生。
765,【励志的话】, 最困难的选择无非只有两个选项，你敢，或不敢。
766,【励志的话】, 一个人并不是生来就是要被打败的，你尽可以把他消灭，可就是打不败他。 
767,【励志的话】, 不要只因一次挫败，就忘记你原先决定想达到的远方。 
768,【励志的话】, 只有你愿意为之死的东西，你才能够借之而生。 
769,【励志的话】, 一个有信念者所开发出的力量，大于九十九个只有兴趣者。 
770,【励志的话】, 梦想是我们对于美好青春的憧憬，是支持我们继续前行的内在动力，它就像是我们生命的一个支点，只要坚持不懈地追逐，就可以撼动整个地球。 
771,【励志的话】, 爱情不是赌博更不是交换。爱是一种快乐，只有爱得开心，才能继续爱下去。其他种种，都是浮云。 
772,【励志的话】, 每个人都有自己的难题要解，对待他人，可以以诚相待，但不必寄予厚望。
773,【励志的话】, 两个人因熟悉而结合，然后了解多了，不得不分手……如果不是太贪心，这样的人生应该是可以了？
774,【励志的话】, 距离常生美，无间的亲密只会令双方窒息，无论朋友还是爱人，别爱的太近。爱的艺术就像风筝，只有给它风一般的自由，你才会看到它飞舞在蓝天的景致。 
775,【励志的话】, 家是委屈后的依恋，家是风雨中的港湾，家是撑起天空的那把伞，家是千帆过后走入的平淡，家是归途的温馨，家是幸福的永远！ 
776,【励志的话】, 不愿意承诺，只有在孤单的时候，才会想起最最熟悉的你！
777,【励志的话】, 爱，如玫瑰花般妖艳，但是我们不应该被它的妖艳蒙蔽了双眼而看不到它的刺。玫瑰，可以把握，但是请别紧握。 
778,【励志的话】, 这世界没有那么多的如果也许可能。那些辞藻不过是为我们的念念不忘，找一个可以慰藉自己的借口。 
779,【励志的话】, 在这个世界上，有些东西必须重复，比如常识；有些事儿有些感觉有些人，则无论如何不能复制，因此，也无需复制。 
780,【励志的话】, 任何人都应该有自尊心、自信心、独立性，不然就是奴才。但自尊不是轻人，自信不是自满，独立不是弧立。 
781,【励志的话】, 幸运是个伟大的老师，而不幸则更伟大。拥有会纵容思想，欠缺能却训练并强化思想。 
782,【励志的话】, 一个人除非自己有信心，否则不能带给别人信心；已经信服的人，方能使人信服。 
783,【励志的话】, 在任何行业中，走向成功的第一步，是对它产生兴趣。
784,【励志的话】, 如果你要想成功、要想追求所企望的美梦，就千万不可有这样的信念，因为那会扼杀你的潜能，毁掉你的希望。 
785,【励志的话】, 人只有献身于社会，才能找出那短暂而有风险的生命的意义。
786,【励志的话】, 人在智慧上应当是明豁的，道德上应该是清白的，身体上应该是清洁的。
787,【励志的话】, 人之所以有一张嘴，而有两只耳朵，原因是听的要比说的多一倍。
788,【励志的话】, 知识给人重量，成就给人光彩，大多数人只是看到了光彩，而不去称量重量。
789,【励志的话】, 要冒一险!整个生命就是一场冒险，走得最远的人常是愿意去做、愿意去冒险的人。 
790,【励志的话】, 我相信，无论今后的道路多么坎坷，只要抓住今天，迟早会在奋斗中尝到人生的甘甜。
791,【励志的话】, 拥有的时候，多加珍惜，无论是亲情，友情还是爱情，平安就是福。且行且惜，且走且悟，人生之中唯有自强不息，勇敢向前，方可走出一条阳光大道。 
792,【励志的话】, 人生，最宝贵的莫过于光阴。人生，最璀璨的莫过于事业。人生，最快乐的莫过于奋斗。 
793,【励志的话】, 历史的车辄辗过，留下先辈的印记；时代的洪流向前，引领我们的未来！拼搏，拼搏，拼搏！我们将用不懈的坚持，用高昂的斗志，书写热血的青春！ 
794,【励志的话】, 人生当自强，人的一生，总会遇见挫折磨难，但人生没有过不去的坎，走过了，便是一种收获，便会让自己成长起来。 
795,【励志的话】, 命运如同手中的掌纹，无论多曲折，终掌握在自己手中。
796,【励志的话】, 用爱生活，你会使自己幸福！用爱工作，你会使很多人幸福！
797,【励志的话】, 善待他人，体谅他人，热爱生命，努力生活。
798,【励志的话】, 前有阻碍，奋力把它冲开，运用炙热的激情，转动心中的期待，血在澎湃，吃苦流汗算什么。
799,【励志的话】, 只有经历过地狱般的折磨，才有征服天堂的力量。只有流过血的手指才能弹出世间的绝唱。 
800,【励志的话】, 聪明的女人会买下足够的商品，以便把自己打扮成商品，然后，等着男人上门采购。 
801,【励志的话】, 如果男人是汽车，那么，爱情是油门，婚姻是刹车，外遇是重新烤漆。
802,【励志的话】, 心脏是一座两间卧室的房子，一间住着痛苦，一间住着快乐。人不能笑得太响，否则笑声就会吵醒隔壁的痛苦。 
803,【励志的话】, 当心你的教鞭下有瓦特、你的冷眼里有牛顿、你的讥笑中有爱迪生。
804,【励志的话】, 女人是一本书，男人最关心版权问题，若是盗版书呢，他肯定先问最低给几折。
805,【励志的话】, 女人最欣赏男人有才气，最讨厌男人太小气，最怕男人不争气。
806,【励志的话】, 能把复杂问题简单化的人是人才，能把简单问题复杂化的是蠢才。
807,【励志的话】, 人活的之所以累，是放不下架子、撕不开面子、解不开情节。
808,【励志的话】, 人生知足者快乐。工作累了，美美的睡一觉，会很幸福。渴了，饿了，喝饱，吃香也是幸福。 
809,【励志的话】, 人生就像婴儿学步，无论跌倒多少次，总会不断尝试，直到最终站起来。所以我们从来就不会失败，我们只是在找下一个站起来的方法。 
810,【励志的话】, 没有不老的誓言，没有不变的承诺，踏上旅途，义无反顾！
811,【励志的话】, 当你感到悲哀痛苦时，最好是去学些什么东西。学习会使你永远立于不败之地。
812,【励志的话】, 再长的路，一步步也能走完，再短的路，不迈开双脚也无法到达。 
813,【励志的话】, 一份耕耘一份收获，未必；九份耕耘一份收获，一定。
814,【励志的话】, 这个社会是存在不公平的，不要抱怨，因为没有用！人总是在反省中进步的！
815,【励志的话】, 当世界给草籽重压时，它总会用自己的方法破土而出。
816,【励志的话】, 前有阻碍，奋力把它冲开，运用炙热的激情，转动心中的期待，血在澎湃，吃苦流汗算什么。 
817,【励志的话】, 只有经历过地狱般的折磨，才有征服天堂的力量。只有流过血的手指才能弹出世间的绝唱。
818,【励志的话】, 别小看任何人，越不起眼的人。往往会做些让人想不到的事。
819,【励志的话】, 微笑拥抱每一天，做像向日葵般温暖的女子。
820,【励志的话】, 梦想是一个人奋斗的动力，梦想是一个人动力的源泉。
821,【励志的话】, 默默人生几多愁，放开胸怀冷春秋，烦恼不过爱恨情仇，纠结不过羁绊担忧，勇敢和无奈放手，果断向未来招手，再苦再难扶起身子往前走，再累再苦欢歌人生永不休。 
822,【励志的话】, 理想不是粮食，而是一颗种子，需要播种；生活不是画卷，而是一张白纸，需要你去渲染；事业不是绿洲，而是一片荒漠，需要你去创造。 
823,【励志的话】, 飞蛾破茧折磨尽，两翅秀美翩翩舞。花苗出土千斤顶，吐露芬芳彩蝶护。你我何须有别样，不受痛苦让人慕。挫折失败何足惧，受尽苦楚尽享禄。 
824,【励志的话】, 世上从不缺少机会，只是缺少发现机会的眼睛。把香皂挖空一点是商机，但却需要先将心中的抱怨、计较、依赖挖空。挖空了惰性才可能给机遇营造出绽放的空间和环境。 
825,【励志的话】, 我们一定要说积极向上的话。只要持续使用非常积极的话语，就能积累起相关的重要信息，于是在不经意之间，我们就已经行动起来，并且逐渐把说过的话变成现实。 
826,【励志的话】, 青春，是人生最美丽的季节，是生命中最靓丽的时期，是作家们笔下赞美的诗行。青春，也是人生的了望台，你要看清前方人生路程的情况，认准前进的方向，然后奋力冲刺，去追寻你的希望曙光。 
827,【励志的话】, 生活处处有困难，个子高的老撞头，个子矮的惹人笑，有钱的招红眼，没钱的招冷眼，我一正常年轻帅小伙，什么挫折不能过。 
828,【励志的话】, 拼搏如一汪清水，有源则灵，沉寂而终；拼搏如向日之花，有光则茁，无温而萎；拼搏如扬起之帆，顺风则行，无风则止；拼搏如穿石之滴，有恒则稳，无疾而终。 
829,【励志的话】, 人生是段漫长的旅程，有坦途崎岖也有鲜花棘荆，生命需要坚强做后盾，挫折坎坷也不要乞求他人，利益面前真情也许不值一文 
830,【励志的话】, 弱者要等待机会，强者要制造机会，智者要把握机会。
831,【励志的话】, 行动不一定带来快乐，而无行动则决无快乐。
832,【励志的话】, 相信每件事情都不是偶然的，一定有原因。如果你有幸得到重来的一次的机会，要用双手去抓紧。
833,【励志的话】, 不是某人使我烦恼，而是我拿某人的言行来烦恼自己。
834,【励志的话】, 请一定要有自信，你就是一道风景，没必要在别人风景里面仰视。
835,【励志的话】, 还能冲动，表示你还对生活有激情；总是冲动，表示你还不懂生活！
836,【励志的话】, 当你劝告别人时，若不顾及别人的自尊心，那么再好的言语都没有用的。
837,【励志的话】, 信念是不能用逻辑来验证的，在最危险的时刻拯救你的是信念，也只有信念。
838,【励志的话】, 该放弃的时就放弃，有舍才有得，不在得中求得，而要在舍中求得。
839,【励志的话】, 往事不必遗憾，若是美好，叫做精彩。若是糟糕，叫做经历。
840,【励志的话】, 收敛自己的脾气，偶尔要刻意沉默，因为冲动会做下让自己无法挽回的事情。
841,【励志的话】, 尽量充实自己。不要停止学习。不管学习什么，语言，厨艺，各种技能。 
842,【励志的话】, 慎言，独立，学会妥协的同时，也要坚持自己最基本的原则。
843,【励志的话】, 不求与人相比，但求超越自己，要哭就哭出激动的泪水，要笑就笑出成长的性格。
844,【励志的话】, 人生就是一场旅行，不在乎目的地，在乎的应该是沿途的风景以及看风景的心情。
845,【励志的话】, 有一种缘，放手后成为风景，有一颗心，坚持中方现真诚。
846,【励志的话】, 人生就像一杯没有加糖的咖啡，喝起来是苦涩的，回味起来却有久久不会退去的余香。
847,【励志的话】, 黑暗的曙光，刻画嘴角的上扬，不经的吞噬，下一秒的心动。
848,【励志的话】, 红颜百媚笑，一倾天下人。君若离归去，莫忘知心人。
849,【励志的话】, 很多年以后，开始相信，有些事物或者有些人，仅仅是纪念。
850,【励志的话】, 短期交往看脸蛋，长久交往看脾气，一生交往看人品！
851,【励志的话】, 现实告诉我们说：有什么别有事；没什么别没钱；动什么别动情。
852,【励志的话】, 人间的事往往如此，当时提起痛不欲生，几年之后，也不过是一场回忆而已。
853,【励志的话】, 不论顺利也好，坎坷也罢，生活中所有的遭遇我们都要淡然接受，做生活的强者，不做生活的逃兵。
854,【励志的话】, 求人不如求己，真正能够解忧的，只有自己。 
855,【励志的话】, 尺有所短，寸有所长，世间没有十全十美的人。合理发挥自己的长处，好好学习别人的优点，才能更好地完善自身。
856,【励志的话】, 以一颗谦卑心，看身边人；以一颗恭敬心，看身边事。他人总有你看不到的优点，也总有你发现不了的价值，无需对他人的努力评头论足。
857,【励志的话】, 一次单程的旅途，所走过的每一步，都注定回不了头。有的路，是用脚去走。有的路，要用心去走。
858,【励志的话】, 人与人，用心不用计，用心，不怕被对方识破，而用心计，不仅害怕对方识破，而且一旦被对方识破，你今后就是真心待他，他也会认为你是在对他用心计。 
859,【励志的话】, 你勇敢，世界就会为你让路；你无惧，命运就会为你屈服。我们可以选择停滞不前，也可以选择自我改变。
860,【励志的话】, 只要比竞争对手活得长，你就赢了。
861,【励志的话】, 一个人至少拥有一个梦想，有一个理由去坚强。心若没有栖息的地方，到哪里都是在流浪。
862,【励志的话】, 把脸一直向着阳光，这样就不会见到阴影。
863,【励志的话】, 要铭记在心：每天都是一年中最美好的日子。
864,【励志的话】, 人最值得高兴的事：父母健在、知己两三、盗不走的爱人。其他都是假象，别太计较。
865,【励志的话】, 成功没有快车道，幸福没有高速路。所有的成功，都来自不倦的努力和奔跑；所有幸福，都来自平凡的奋斗和坚持。
866,【励志的话】, 有大快乐的人，必有大哀痛；有大成功的人，必有大孤独。
867,【励志的话】, 如果你的生活已处于低谷，那就，大胆走，因为你怎样走都是在向上。
868,【励志的话】, 无论有多困难，都坚强地抬头挺胸，告诉所有人，你并非他们想象的那样不堪一击。
869,【励志的话】, 最好的，不一定是最合适的；最合适的，才是真正最好的。
870,【励志的话】, 进步，意味着目标不断前移，阶段不断更新，它的视野总是不断变化的。
871,【励志的话】, 你不可能代替谁负起责任。这里好比沙漠，我们大家只能适应沙漠。
872,【励志的话】, 人，只要有一种信念，有所追求，什么艰苦都能忍受，什么环境也都能适应。
873,【励志的话】, 通其变，天下无弊法；执其方，天下无善教。
874,【励志的话】, 善疑者，不疑人之所疑，而疑人之所不疑。
875,【励志的话】, 好问的人，只做了五分种的愚人；耻于发问的人，终身为愚人。
876,【励志的话】, 读书无疑者，须教有疑，有疑者却要无疑，到这里方是上进。
877,【励志的话】, 请一定要自信。你就是一道风景，没必要在别人风景里面仰视。
878,【励志的话】, 爱她，就不要给她乱想的机会。因为你永远不会知道，为你乱想的人是多么的爱你。
879,【励志的话】, 被相思浸染的清浅时光，在你我隔岸的相望中悠悠的流淌。流年的脚步踩碎了无言的沧桑。 
880,【励志的话】, 永远不要让别人对你说，你不能做一件事，哪怕是自己也不可以。
881,【励志的话】, 不要一味地羡慕人家的绝活与绝招，通过恒久的努力，你也完全可以拥有。
882,【励志的话】, 不埋怨谁，不嘲笑谁，也不羡慕谁，阳光下灿烂，风雨中奔跑，做自己的梦，走自己的路。
883,【励志的话】, 我们的梦是不染尘埃的，就算不小心跌到地上，也要地将灰土拍去，还原一个梦最初的样子缺成我最孤单的想念。 
884,【励志的话】, 信念就是相信还看不到的东西，而其回报则是看到你所相信的东西。
885,【励志的话】, 学会在浮躁中思考，这样你才知道在喧嚣中走向哪里；学会在总结中自责，这样你才懂得在成功中如何超越。
886,【励志的话】, 逆风的地方，更适合飞翔，我不怕万人阻挡，只怕自己投降；眼泪的存在，是为了证明悲伤不是一场幻觉。 
887,【励志的话】, 成功必然有方法，失败肯定有原因。成功不仅仅是一个点，而是由无数个点组成，才构成完整生命历程。
888,【励志的话】, 人是一个复杂的矛盾体，既有强烈发展的愿望，又有安于现状的惰性。如果没有外部压力的被逼，你要学会自逼活出新意。
889,【励志的话】, 人生如线，只要今天还在延续，只要明天还有希望，我们就永远在起点上，永远在奔跑的路上。
890,【励志的话】, 成功的道路也许就是这样，需要经历太多的挫折与磨难，而其中的磨难与艰辛，恐怕永远只有经历过的人自己才知道。
891,【励志的话】, 路再长也会有终点，夜再长也会有尽头，不管雨下得有多大，总会有停止的时候。乌云永远遮不住微笑的太阳！
892,【励志的话】, 但有一点我始终坚信，那就是，当你能把自己感动得哭了的时候，你就成功了！
893,【励志的话】, 相信自己，坚信自己的目标，去承受常人承受不了的磨难与挫折，不断去努力去奋斗，成功最终就会是你的！
894,【励志的话】, 人生，写满伤痛，只是快乐之人不为痛苦左右，幸福之心不被忧愁绕缠。
895,【励志的话】, 错过一个人最可怕的方式，就是他坐在你身边，而你知道你永远也无法拥有他！
896,【励志的话】, 业障深重的人，一天到晚都在看别人的过失与缺点，真正修行的人，从不会去看别人的过失与缺点。
897,【励志的话】, 发生一件事，喜欢它那就享受它，不喜欢它那就避开它，避不开那就改变它，改变不了那就接受它。接受不了是你的观念，别埋怨事情的本身。
898,【励志的话】, 只要你把头抬高点，别人就不会看低你，记住，人们是看不起低着头的人的。
899,【励志的话】, 生命很残酷，用悲伤让你了解什么叫幸福，用噪音教会你如何欣赏寂静，用弯路提醒你前方还有坦途。
900,【励志的话】, 后悔是一种耗费精神的情绪。后悔是比损失更大的损失，比错误更大的错误。所以不要后悔。
901,【励志的话】, 不要因为没有阳光，而走不进春天不要因为没有歌声，而放弃自己的追求不要因为没有掌声，而丢掉自己的理想。
902,【励志的话】, 走在生活的风雨旅途中，我们没有必要去为难自己，冷了，自己加衣，累了，给自己一个拥抱。
903,【励志的话】, 给挫折一个微笑，它能让你把痛苦瞬间减小。长期沉迷于痛苦的失意中只能让人不能自拔；整日里思索着挫折带来的痛苦；不肯忘却挫折带来的前进的方向。
904,【励志的话】, 世界这么大，一样米养百样人，你无法要求所有人的三观都同你吻合，唯一的方法，只有让自己变得更强，心理上的无坚不摧才能保护你，不被那些自私又狭隘的人所伤害。 
905,【励志的话】, 我始终相信努力奋斗的意义，因为我想给自己一个牛逼的机会，趁自己还年轻；因为我必须给自己一个交代。 
906,【励志的话】, 迎上风雨，勇敢面对，相信走过风雨后，彩虹的美丽就在前方的风景处等你。
907,【励志的话】, 心有多宽，人生的舞台就有多宽，如果不能打碎心中的壁垒，即使给你整个世界，你也找不到自由的感觉。 
908,【励志的话】, 梦想似乎是遥远的，但是只要通过自己的努力，就能一步步的拉近之间的距离，当距离越来越短时，它就不再是梦，而成为了触手可及的想法，无论如何，不要停下走向梦想的脚步。 
909,【励志的话】, 我们每个人都拥有过青春，有过雄心壮志，有过拼搏的梦想人生，我们不能因为苍老而后悔人生，不能因为失去了青春而消极低沉。
910,【励志的话】, 梦想的路上注定崎岖不定，坎坷萦绕，风雨万阻。而现实的路上注定疲倦不堪，身心伤痕累累，泪眼婆娑。 
911,【励志的话】, 所谓女人，就是最让男人烦恼的动物；所谓男人，就是最喜欢自寻烦恼的动物。
912,【励志的话】, 痛苦能够毁灭人，受苦的人也能把痛苦毁灭。创造就需苦难，苦难是上帝的礼物。卓越的人一大优点是：在不利与艰难的遭遇里百折不挠。
913,【励志的话】, 生活的真谛在于创新，生活的理想在于远大，生活的艺术在于选择，生活的乐趣在于追求。
914,【励志的话】, 目标和价值观，两件事合起来叫理想。
915,【励志的话】, 忘掉种过的花，重新的出发，放弃理想吧。
916,【励志的话】, 我想实现的理想是，回到过去的年份里，一次一次捅破当初做的梦，让自己一直面对现实地活下去。
917,【励志的话】, 人们总是应了那句话：每天高呼一声理想，便心安理得地虚度时光。
918,【励志的话】, 如果理想就意味着离乡，那么我情愿守在能一眼望见至亲的方向。
919,【励志的话】, 生活好比旅行，理想是旅行的路线，失去了路线，只好停止前进。
920,【励志的话】, 而今，我已经被打败了，我用曾经的飞蛾扑火，换来今天手心里握着的一把余温尚存的灰烬。值得庆幸的是，我依然没有忘记，这把灰烬的名字叫做理想。
921,【励志的话】, 成熟，就是某一个突如其来的时刻，把你的骄傲狠狠的踩到地上，任其开成花或者烂成泥。
922,【励志的话】, 天下就没有偶然，那不过是化了妆的、戴了面具的必然。
923,【励志的话】, 不是每件事都注定会成功，但是每件事都值得一试。
924,【励志的话】, 无须匆忙，该来的总会来，在对的时间，和对的人，因为对的理由。
925,【励志的话】, 与其在风雨中逃避，不如在雷电中舞蹈，即便淋得透湿，也是领略生命的快意。
926,【励志的话】, 人生中有些事是不得不做的，于不得不做中勉强去做，是毁灭；于不得不做中做的好，是勇敢。
927,【励志的话】, 地球是圆的，有些看上去是终点的地方，也许只是起点。
928,【励志的话】, 不管前方的路有多苦，只要走的方向正确，不管多么崎岖不平，都比站在原地更接近幸福。
929,【励志的话】, 时间告诉我，无理取闹的年龄过了，该懂事了。
930,【励志的话】, 当你面对挫折、面对不如意的时候，应该有淡定如水的心境。读懂了淡定，才算懂得了人生。
931,【励志的话】, 生命中最难的阶段不是没有人懂你，而是你不懂你自己。
932,【励志的话】, 心中有爱，看世界的眼睛才会纯净，感觉世界很温暖；心中有恨，看世界的眼睛也会有杂质，世界也会变丑恶。
933,【励志的话】, 有的人很幸运，一上车就能落座；有的人很倒霉，即使全车的人都坐下，他还站着；有时别处的座位不断空出来，唯独身边的这个毫无动静。 
934,【励志的话】, 一些失去，未必不会再拥有。让心，在阳光下学会舞蹈；让灵魂，在痛苦中学会微笑。
935,【励志的话】, 我们喜欢仰望，喜欢比较。仰望别人的成功，感觉自己的卑微；仰望别人的幸福，慨叹自己的不幸。
936,【励志的话】, 当你在转圈的时候，这个世界很大，可是如果你勇往直前，这个世界就很小。
937,【励志的话】, 一辈子，真短，别为一些无关事伤感，好好疼爱你自己，你好，家人才好；一辈子，真长，别为匆匆而去的一些事遗憾，错过的还会再来，快乐需要慢慢品尝。
938,【励志的话】, 有一种底气，叫做你能行；有一种豪气，叫做你可以；有一种霸气，叫做你最棒！不要总是瞻前顾后，想做的事，就大胆地做；想见的人，就勇敢地见！
939,【励志的话】, 你有点像天上的月亮，也像那闪烁的星星，可惜我不是诗人，否则，当写一万首诗来形容你的美丽。 
940,【励志的话】, 做一个善良的人。尽管没人感激过你的善良，但你依然要选择做一个内心善良的人，选择做什么样的人，是为了自己，不是因为别人。 
941,【励志的话】, 心情再差，也不写在脸上，没人喜欢看；日子再穷，也不挂嘴边，没人无故给你钱；工作再累，也不抱怨，没人无条件替你干。 
942,【励志的话】, 用我们的奋斗和梦想扬起青春的船帆，当我们努力拼搏地摇浆时，成功的闸门也会慢慢地再为我们打开，我们将享受一份青春的美好，收获一份成功的喜悦。 
943,【励志的话】, 生活就是奋斗，只有勇于攀登才能创造辉煌；生活就是创新，只有与时俱进才能跟上时代；生活就是付出，只有吃苦流汗才能实现理想；生活就是享受，只有品尝人生才能感知生活的快乐。
944,【励志的话】, 人生路上没有永远的成功，只有永远的奋斗。
945,【励志的话】, 坚持是毅力，仿佛一轮炽热不落的艳阳；坚持是灵魂，仿佛一群屹立不倒的山林。
946,【励志的话】, 在成功的道路上，坚持是非常重要的，面对挫折时，要告诉自己：饱尝甜头。
947,【励志的话】, 功到自然成，成功之前难免有失败，然而只要能克服困难，坚持不懈地努力，那么，成功就在眼前。
948,【励志的话】, 斧头虽小，但经历多次劈砍，终能将一棵最坚硬的橡树砍刀。
949,【励志的话】, 人在旅途，难免会遇到荆棘和坎坷，但风雨过后，一定会有美丽的彩虹。
950,【励志的话】, 有了坚持不一定成功；但没有坚持，就注定失败。对于成功，坚持的塑造必不可少！
951,【励志的话】, 生命不在长而在于好，只要每一次尽力的演示，都值得鼓励与喝采。
952,【励志的话】, 你的努力，也许有人会讥讽；你的执着，也许不会有人读懂。在别人眼里你也许是小丑，在自己心中你就是国王！
953,【励志的话】, 我们最大的悲哀，是迷茫地走在路上，看不到前面的希望；我们最坏的习惯，是苟安于当下生活，不知道明天的方向。
954,【励志的话】, 生命就是一场变幻莫测的颠簸，谁也无法左右，但是却是能左右自己的心。爱走了，还是有下一场的花开，真心付出就无怨无悔，曾经的美好也是买不到的回忆。
955,【励志的话】, 人生是需要奋斗的，只有你奋斗了，失败后才会问心无愧；人生是单行路，只有奋斗了，才会有光明的前途；人生中有许多的竞争对手，正因有这么多的竞争对手，所以我们更得奋斗！
956,【励志的话】, 时光是个宝，随时都在跑，任你去追逐，逝去又无踪，若要紧跟随，珍惜每一秒，发奋又图强，人生好荣光。
957,【励志的话】, 我匆匆而过，你慢慢地走。我走了，你来了，我们不曾相见。岁月不饶人，我们一直在努力。
958,【励志的话】, 人生几个秋，弹指一挥间，岁月总无情，生命多悔恨，丝染无复白，鬓白无重黑，今发此短信，愿君多谨记，努力爱青春，一失不再得，时间犹为重，惜之精彩至！
959,【励志的话】, 总是在最初的青春挥霍着岁月的生命，总是在最后的时光忆起最初的懈怠，时光一去不返，生命耗费不再，愿你能够珍爱生命，珍惜时间！
960,【励志的话】, 留不住青春的年华，就在年轻时燃烧青春；留不住时间的脚步，就努力奔跑追赶上时间；用青春的年华握紧时间的手，让我们的此生不虚度。
961,【励志的话】, 时光如沙漏般流逝，带走了我们的青春、我们的年华，留下了那一抹淡淡的忧伤，是谁在风中轻轻歌唱，挥着翅膀飞向远方，岁月，神偷？再回首已是耄耋之年。
962,【励志的话】, 躁动的心灵，不安的灵魂。在彷徨中挣扎，在迷失中探索。时光飞逝，努力不变。
963,【励志的话】, 春花秋月何时了，时间知多少。一寸光阴一寸金，不要往事多劳心。
964,【励志的话】, 再见，也许永远不见，我内心固执地追求，只有我自己看得见，但我希望我没错。
965,【励志的话】, 偶尔给自己一点压力，适时让自己绽放一次，你会发现其实自己很优秀，很超凡。
966,【励志的话】, 我们因为拥有青春而幸福快乐，不要给自己留下太多的遗憾，不要等到失去的时候才懂得珍惜。
967,【励志的话】, 人生应该有所追求，但暂时得不到并不会阻碍日常生活的幸福，因此，拥有一颗平常心，是人生必不可少的润滑液剂。
968,【励志的话】, 在这样的时刻，我们需要耐心等待，满怀信心地去期待，相信，生活不会放弃你，命运不会抛弃你。如果你耐不住寂寞，就看不到繁华。
969,【励志的话】, 如果你有想法就要赶紧付出行动，别担心失败或者困难重重，只有在不停地实践与追求中，你才能超越自我，创造属于自己的辉煌。
970,【励志的话】, 只要不放弃，就没有什么能让自己退缩；只要够坚强，就没有什么能把自己打垮！
971,【励志的话】, 慢慢地，你不会再流泪；慢慢地，一切都过去了… 适当的放弃，是人生优雅的转身。
972,【励志的话】, 我们都有一片属于自己的荒漠，我们既是金子，亦是淘金者；我们既是种子，更是播种者。很多时候，我们成不了闪光的金子，但可以成为希望的种子。 
973,【励志的话】, 人生，没有永远的伤痛，再深的痛，在切之时，伤口总会痊愈。人生，没有过不去的坎，你不可以坐在坎边等它消失，你只能想办法穿过它。人生，没有永远的爱情，没有结局的感情，总要结束；不能拥有的人，总会忘记。
974,【励志的话】, 伟大的作品，不是靠力量而是靠坚持才完成的。
